{
	"format_version": "1.8.0",
	"animations": {
		"animation.alva.walk": {
			"loop": true,
			"animation_length": 2.0833,
			"bones": {
				"tail": {
					"rotation": {
						"0.0": [0, 0, 0],
						"0.4833": [0, 5, 0],
						"1.0": [5, 0, 0],
						"1.5667": [0, -5, 0],
						"2.0833": [0, 0, 0]
					},
					"position": {
						"0.0": [0, 0, -1],
						"1.0": [0, -3, -2],
						"2.0833": [0, 0, -1]
					}
				},
				"tail2": {
					"rotation": {
						"0.0": [0, 0, 0],
						"0.4833": [0, 15, 0],
						"1.0": [0, 0, 0],
						"1.5167": [0, -15, 0],
						"2.0833": [0, 0, 0]
					},
					"position": {
						"0.0": [0, 0, 0],
						"1.0": [0, 0, 0]
					}
				},
				"tail3": {
					"rotation": {
						"0.0": [0, 0, 0],
						"0.4833": [0, 20, 0],
						"1.0": [0, 0, 0],
						"1.5667": [0, -20, 0],
						"2.0833": [0, 0, 0]
					},
					"position": {
						"0.0": [0, 0, 0],
						"0.4833": [2, 0, 0],
						"1.0": [0, 0, 0],
						"1.5667": [-3, 0, 1],
						"2.0833": [0, 0, 0]
					}
				},
				"tail4": {
					"rotation": {
						"0.0": [0, 0, 0],
						"0.4833": [0, 25, 0],
						"1.0": [0, 0, 0],
						"1.5667": [0, -25, 0],
						"2.0833": [0, 0, 0]
					},
					"position": {
						"0.0": [0, 0, 0],
						"0.4833": [6, 0, -2],
						"1.0": [0, 0, 0],
						"1.5667": [-7, 0, -1],
						"2.0833": [0, 0, 0]
					}
				},
				"tail5": {
					"rotation": {
						"0.0": [0, 0, 0],
						"0.4833": [0, 35, 0],
						"1.0": [0, 0, 0],
						"1.5667": [0, -35, 0],
						"2.0833": [0, 0, 0]
					},
					"position": {
						"0.0": [0, 0, 0],
						"0.4833": [10, 0, -3],
						"1.0": [0, 0, 0],
						"1.5667": [-12, 0, -1],
						"2.0833": [0, 0, 0]
					}
				},
				"bodyb": {
					"rotation": {
						"0.0": [0, 0, 0],
						"1.0": [5, 0, 0],
						"2.0833": [0, 0, 0]
					}
				},
				"head": {
					"position": {
						"0.0": [0, 0, 0],
						"1.0": [0, -3, 0],
						"2.0833": [0, 0, 0]
					}
				},
				"body": {
					"position": {
						"0.0": [0, 0, 0],
						"1.0": [0, -3, 0],
						"2.0833": [0, 0, 0]
					}
				},
				"leg4": {
					"position": {
						"0.0": [0, 0, 0],
						"1.0": [0, -4, 0],
						"2.0833": [0, 0, 0]
					}
				},
				"leg3": {
					"position": {
						"0.0": [0, 0, 0],
						"1.0": [0, -4, 0],
						"2.0833": [0, 0, 0]
					}
				},
				"leg2": {
					"rotation": {
						"0.0": [0, 0, 0],
						"0.2333": [-37.5, 0, 0],
						"0.4833": [-45, 0, 0],
						"0.7167": [-34.39, 0, 0],
						"1.0": [0, 0, 0],
						"1.5667": [45, 0, 0],
						"2.0833": [0, 0, 0]
					},
					"position": {
						"0.0": [0, 0, 0],
						"0.2333": [0, 2.5, 0],
						"0.4833": [0, -5, 0],
						"1.0": [0, 0, 0],
						"1.2833": [0, -1.5, 0],
						"1.5667": [0, -5, 0],
						"1.8333": [0, -1.31, 0],
						"2.0833": [0, 0, 0]
					}
				},
				"leg2a": {
					"rotation": {
						"0.0": [0, 0, 0],
						"0.4833": [70, 0, 0],
						"1.0": [0, 0, 0],
						"1.5667": [-50, 0, 0],
						"2.0833": [0, 0, 0]
					},
					"position": {
						"1.0": [0, 0, 0],
						"1.5667": [0, 0, -2],
						"2.0833": [0, 0, 0]
					}
				},
				"leg1": {
					"rotation": {
						"0.0": [0, 0, 0],
						"0.4833": [45, 0, 0],
						"1.0": [0, 0, 0],
						"1.2833": [-37.5, 0, 0],
						"1.5667": [-45, 0, 0],
						"1.8333": [-31.19, 0, 0],
						"2.0833": [0, 0, 0]
					},
					"position": {
						"0.0": [0, 0, 0],
						"0.2333": [0, -2, 0],
						"0.4833": [0, -6, 0],
						"0.7167": [0, -2.23, 0],
						"1.0": [0, 0, 0],
						"1.2833": [0, 2.5, 0],
						"1.5667": [0, -5, 0],
						"2.0833": [0, 0, 0]
					}
				},
				"leg1a": {
					"rotation": {
						"0.0": [0, 0, 0],
						"0.4833": [-50, 0, 0],
						"1.0": [0, 0, 0],
						"1.5667": [70, 0, 0],
						"2.0833": [0, 0, 0]
					},
					"position": {
						"0.0": [0, 0, 0],
						"0.4833": [0, 1, -2],
						"1.0": [0, 0, 0]
					}
				}
			}
		},
		"animation.alva.setup": {
			"loop": true,
			"animation_length": 4,
			"bones": {
				"bodyb": {
					"rotation": [0, 0, 0],
					"position": [0, 0, 0]
				},
				"tail": {
					"position": {
						"0.0": [0, 0, 0],
						"1.9667": [0, -2, 0],
						"4.0": [0, 0, 0]
					}
				},
				"head": {
					"position": {
						"0.0": [0, 0, 0],
						"1.9667": [0, -2, 0],
						"4.0": [0, 0, 0]
					}
				},
				"body": {
					"position": {
						"0.0": [0, 0, 0],
						"1.9667": [0, -2, 0],
						"4.0": [0, 0, 0]
					}
				},
				"leg4": {
					"rotation": {
						"0.0": [0, 0, 0],
						"1.9667": [10, 0, 0],
						"4.0": [0, 0, 0]
					},
					"position": {
						"0.0": [0, 0, 0],
						"1.9667": [0, -3, 0],
						"4.0": [0, 0, 0]
					}
				},
				"leg3": {
					"rotation": {
						"0.0": [0, 0, 0],
						"1.9667": [10, 0, 0],
						"4.0": [0, 0, 0]
					},
					"position": {
						"0.0": [0, 0, 0],
						"1.9667": [0, -3, 0],
						"4.0": [0, 0, 0]
					}
				}
			}
		},
		"animation.alva.delayed_attacking": {
			"animation_length": 0.7667,
			"bones": {
				"bodyb": {
					"rotation": {
						"0.0": [0, 0, 0],
						"0.4833": [20, 0, 0],
						"0.7667": [0, 0, 0]
					},
					"position": {
						"0.0": [0, 0, 0],
						"0.4833": [0, 0, 0],
						"0.7667": [0, 0, 0]
					}
				},
				"tail": {
					"rotation": {
						"0.0": [0, 0, 0],
						"0.4833": [15, 0, 0],
						"0.7667": [0, 0, 0]
					},
					"position": {
						"0.0": [0, 0, 0],
						"0.4833": [0, -3, 0],
						"0.7667": [0, 0, 0]
					}
				},
				"head": {
					"rotation": {
						"0.0": [0, 0, 0],
						"0.4833": [-60, 0, 0],
						"0.7667": [0, 0, 0]
					},
					"position": {
						"0.0": [0, 0, 0],
						"0.4833": [0, -5, 0],
						"0.7667": [0, 0, 0]
					}
				},
				"head4": {
					"rotation": {
						"0.0": [0, 0, 0],
						"0.4833": [50, 0, 0],
						"0.7667": [0, 0, 0]
					},
					"position": {
						"0.0": [0, 0, 0],
						"0.1167": [0, 7.39, 7.21],
						"0.2167": [0, 13.35, 11.22],
						"0.3667": [0, 24.59, 14.82],
						"0.4833": [0, 34, 16],
						"0.6": [0, 18.43, 12.14],
						"0.6833": [0, 8.21, 8.07],
						"0.7667": [0, 0, 0]
					}
				},
				"head5": {
					"rotation": [15, 0, 0],
					"position": [0, 8, 8]
				},
				"body": {
					"position": {
						"0.0": [0, 0, 0],
						"0.4833": [0, -3, 0],
						"0.7667": [0, 0, 0]
					}
				},
				"leg4": {
					"rotation": {
						"0.0": [0, 0, 0],
						"0.4833": [-75, 0, 0],
						"0.7667": [0, 0, 0]
					},
					"position": {
						"0.0": [0, 0, 0],
						"0.4833": [0, -5, -2],
						"0.7667": [0, 0, 0]
					}
				},
				"leg3": {
					"rotation": {
						"0.0": [0, 0, 0],
						"0.4833": [-75, 0, 0],
						"0.7667": [0, 0, 0]
					},
					"position": {
						"0.0": [0, 0, 0],
						"0.4833": [0, -5, -2],
						"0.7667": [0, 0, 0]
					}
				},
				"leg2": {
					"rotation": {
						"0.0": [0, 0, 0],
						"0.4833": [-20, 0, 0],
						"0.7667": [0, 0, 0]
					},
					"position": {
						"0.0": [0, 0, 0],
						"0.4833": [0, 0, -3],
						"0.7667": [0, 0, 0]
					}
				},
				"leg2d": {
					"rotation": {
						"0.0": [0, 0, 0],
						"0.4833": [-30, 0, 0],
						"0.7667": [0, 0, 0]
					},
					"position": {
						"0.0": [0, 0, 0],
						"0.4833": [0, 2, -5],
						"0.7667": [0, 0, 0]
					}
				},
				"leg1": {
					"rotation": {
						"0.0": [0, 0, 0],
						"0.4833": [-20, 0, 0],
						"0.7667": [0, 0, 0]
					},
					"position": {
						"0.0": [0, 0, 0],
						"0.4833": [0, -3, 7],
						"0.7667": [0, 0, 0]
					}
				},
				"leg1d": {
					"rotation": {
						"0.0": [0, 0, 0],
						"0.4833": [20, 0, 0],
						"0.7667": [0, 0, 0]
					},
					"position": {
						"0.0": [0, 0, 0],
						"0.4833": [0, 0, 2],
						"0.7667": [0, 0, 0]
					}
				}
			}
		},
		"animation.alva.look_at_target": {
			"loop": true,
			"bones": {
				"head": {
					"rotation": ["5+query.target_x_rotation - this", "query.target_y_rotation - this", 0]
				}
			}
		},
		"animation.comps.look_at_target": {
			"loop": true,
			"bones": {
				"head": {
					"rotation": ["10+query.target_x_rotation - this", "query.target_y_rotation - this", 0]
				}
			}
		}
	}
}