{
	"format_version": "1.8.0",
	"animations": {
		"animation.baryonyx.setup": {
			"loop": true,
			"animation_length": 4.04,
			"bones": {
				"body": {
					"position": {
						"0.0": [0, 0, 0],
						"2.0": [0, -2, 0],
						"4.0333": [0, 0, 0]
					}
				},
				"tail": {
					"rotation": {
						"0.0": [0, 0, 0],
						"2.0": [-5, 0, 0],
						"4.0333": [0, 0, 0]
					},
					"position": {
						"0.0": [0, 0, 0],
						"2.0": [0, -2, 0],
						"4.0333": [0, 0, 0]
					}
				},
				"head": {
					"position": {
						"0.0": [0, 0, 0],
						"2.0": [0, -2, 0],
						"4.0333": [0, 0, 0]
					}
				},
				"leg4": {
					"rotation": {
						"0.0": [0, 0, 0],
						"2.0": [10, 0, 0],
						"4.0333": [0, 0, 0]
					}
				},
				"leg3": {
					"rotation": {
						"0.0": [0, 0, 0],
						"2.0": [10, 0, 0],
						"4.0333": [0, 0, 0]
					}
				}
			}
		},
		"animation.baryonyx.look_at_target": {
			"loop": true,
			"bones": {
				"head": {
					"rotation": ["5+query.target_x_rotation - this", "query.target_y_rotation - this", 0]
				}
			}
		},
		"animation.baryonyx.walk": {
			"loop": true,
			"animation_length": 2.0833,
			"bones": {
				"tail": {
					"rotation": {
						"0.0": [0, 0, 0],
						"0.4833": [0, 5, 0],
						"1.0": [5, 0, 0],
						"1.5667": [0, -5, 0],
						"2.0833": [0, 0, 0]
					},
					"position": {
						"0.0": [0, 0, -1],
						"1.0": [0, -3, -2],
						"2.0833": [0, 0, -1]
					}
				},
				"tail2": {
					"rotation": {
						"0.0": [0, 0, 0],
						"0.4833": [0, 15, 0],
						"1.0": [0, 0, 0],
						"1.5167": [0, -15, 0],
						"2.0833": [0, 0, 0]
					},
					"position": {
						"0.0": [0, 0, 0],
						"1.0": [0, 0, 0]
					}
				},
				"tail3": {
					"rotation": {
						"0.0": [0, 0, 0],
						"0.4833": [0, 20, 0],
						"1.0": [0, 0, 0],
						"1.5667": [0, -20, 0],
						"2.0833": [0, 0, 0]
					},
					"position": {
						"0.0": [0, 0, 0],
						"0.4833": [2, 0, 0],
						"1.0": [0, 0, 0],
						"1.5667": [-3, 0, 1],
						"2.0833": [0, 0, 0]
					}
				},
				"tail4": {
					"rotation": {
						"0.0": [0, 0, 0],
						"0.4833": [0, 25, 0],
						"1.0": [0, 0, 0],
						"1.5667": [0, -25, 0],
						"2.0833": [0, 0, 0]
					},
					"position": {
						"0.0": [0, 0, 0],
						"0.4833": [6, 0, -2],
						"1.0": [0, 0, 0],
						"1.5667": [-7, 0, -1],
						"2.0833": [0, 0, 0]
					}
				},
				"tail5": {
					"rotation": {
						"0.0": [0, 0, 0],
						"0.4833": [0, 35, 0],
						"1.0": [0, 0, 0],
						"1.5667": [0, -35, 0],
						"2.0833": [0, 0, 0]
					},
					"position": {
						"0.0": [0, 0, 0],
						"0.4833": [10, 0, -3],
						"1.0": [0, 0, 0],
						"1.5667": [-12, 0, -1],
						"2.0833": [0, 0, 0]
					}
				},
				"bodyb": {
					"rotation": {
						"0.0": [0, 0, 0],
						"1.0": [5, 0, 0],
						"2.0833": [0, 0, 0]
					}
				},
				"head": {
					"position": {
						"0.0": [0, 0, 0],
						"1.0": [0, -3, 0],
						"2.0833": [0, 0, 0]
					}
				},
				"body": {
					"position": {
						"0.0": [0, 0, 0],
						"1.0": [0, -3, 0],
						"2.0833": [0, 0, 0]
					}
				},
				"leg4": {
					"position": {
						"0.0": [0, 0, 0],
						"1.0": [0, -4, 0],
						"2.0833": [0, 0, 0]
					}
				},
				"leg3": {
					"position": {
						"0.0": [0, 0, 0],
						"1.0": [0, -4, 0],
						"2.0833": [0, 0, 0]
					}
				},
				"leg2": {
					"rotation": {
						"0.0": [0, 0, 0],
						"0.2333": [-37.5, 0, 0],
						"0.4833": [-45, 0, 0],
						"0.7167": [-34.39, 0, 0],
						"1.0": [0, 0, 0],
						"1.5667": [45, 0, 0],
						"2.0833": [0, 0, 0]
					},
					"position": {
						"0.0": [0, 0, 0],
						"0.2333": [0, 2.5, 0],
						"0.4833": [0, -10, 0],
						"1.0": [0, 0, 0],
						"1.2833": [0, -1.5, 0],
						"1.5667": [0, -5, 0],
						"1.8333": [0, -0.31, 0],
						"2.0833": [0, 0, 0]
					}
				},
				"leg2a": {
					"rotation": {
						"0.0": [0, 0, 0],
						"0.2333": [74.76, 0, 0],
						"0.4833": [70, 0, 0],
						"1.0": [0, 0, 0],
						"1.5667": [-50, 0, 0],
						"2.0833": [0, 0, 0]
					},
					"position": {
						"1.0": [0, 0, 0],
						"1.5667": [0, 0, -2],
						"2.0833": [0, 0, 0]
					}
				},
				"leg1": {
					"rotation": {
						"0.0": [0, 0, 0],
						"0.4833": [45, 0, 0],
						"1.0": [0, 0, 0],
						"1.2833": [-37.5, 0, 0],
						"1.5667": [-45, 0, 0],
						"1.8333": [-31.19, 0, 0],
						"2.0833": [0, 0, 0]
					},
					"position": {
						"0.0": [0, 0, 0],
						"0.2333": [0, -1, 0],
						"0.4833": [0, -6, 0],
						"0.7167": [0, -2.23, 0],
						"1.0": [0, 0, 0],
						"1.2833": [0, 2.5, 0],
						"1.5667": [0, -10, 0],
						"2.0833": [0, 0, 0]
					}
				},
				"leg1a": {
					"rotation": {
						"0.0": [0, 0, 0],
						"0.4833": [-50, 0, 0],
						"1.0": [0, 0, 0],
						"1.2833": [74.76, 0, 0],
						"1.5667": [70, 0, 0],
						"2.0833": [0, 0, 0]
					},
					"position": {
						"0.0": [0, 0, 0],
						"0.4833": [0, 1, -2],
						"1.0": [0, 0, 0]
					}
				}
			}
		},
		"animation.baryonyx.swim": {
			"loop": true,
			"animation_length": 1.4833,
			"bones": {
				"bodyb": {
					"rotation": {
						"0.0": [5, 0, 0],
						"0.7167": [5, 0, 0],
						"1.4833": [5, 0, 0]
					},
					"position": {
						"0.0": [0, -21, 5],
						"0.7167": [0, -23, 5],
						"1.4833": [0, -21, 5]
					}
				},
				"head": {
					"rotation": {
						"0.0": [0, 0, 0],
						"0.7167": [-5, 0, 0],
						"1.4833": [0, 0, 0]
					},
					"position": [0, -4, -3]
				},
				"tail": {
					"rotation": {
						"0.0": [0, 0, 0],
						"0.3667": [0, -10, 0],
						"0.7167": [0, 0, 0],
						"1.1167": [0, 10, 0],
						"1.4833": [0, 0, 0]
					}
				},
				"body3": {
					"rotation": [5, 0, 0],
					"position": [0, -1, 0]
				},
				"body4": {
					"rotation": [10, 0, 0],
					"position": [0, -2, 0]
				},
				"body5": {
					"rotation": [10, 0, 0],
					"position": [0, -3.5, -1]
				},
				"leg2": {
					"rotation": {
						"0.0": [75, 0, 0],
						"0.2833": [75, 0, 0],
						"0.5667": [75, 0, 0],
						"0.8333": [45, 0, 0],
						"1.4833": [75, 0, 0]
					},
					"position": {
						"0.0": [0, -1, -4],
						"0.2833": [0, -4, 2],
						"0.5667": [0, -1, -4],
						"0.8333": [0, -1, -4],
						"1.1667": [0, -1, -4],
						"1.4833": [0, -1, -4]
					}
				},
				"leg2a": {
					"rotation": {
						"0.0": [0, 0, 0],
						"0.2833": [60, 0, 0],
						"0.5667": [0, 0, 0],
						"0.8333": [-55, 0, 0],
						"1.1667": [0, 0, 0]
					},
					"position": {
						"0.0": [0, 0, 0],
						"0.2833": [0, 0, -1],
						"0.5667": [0, 0, 0],
						"0.8333": [0, 0, -1],
						"1.1667": [0, 0, 0]
					}
				},
				"leg1": {
					"rotation": {
						"0.0": [75, 0, 0],
						"0.2833": [45, 0, 0],
						"0.8333": [75, 0, 0],
						"1.1667": [75, 0, 0],
						"1.4833": [75, 0, 0]
					},
					"position": {
						"0.0": [0, -1, -4],
						"0.2833": [0, -1, -4],
						"0.5667": [0, -1, -4],
						"0.8333": [0, -1, -4],
						"1.1667": [0, -4, 2],
						"1.4833": [0, -1, -4]
					}
				},
				"leg1a": {
					"rotation": {
						"0.0": [0, 0, 0],
						"0.2833": [-55, 0, 0],
						"0.5667": [0, 0, 0],
						"0.8333": [0, 0, 0],
						"1.1667": [60, 0, 0],
						"1.4833": [0, 0, 0]
					},
					"position": {
						"0.0": [0, 0, 0],
						"0.2833": [0, 0, -1],
						"0.5667": [0, 0, 0],
						"0.8333": [0, 0, 0],
						"1.1667": [0, 0, -1],
						"1.4833": [0, 0, 0]
					}
				},
				"leg4": {
					"rotation": {
						"0.0": [-45, 0, 0],
						"0.3667": [-90, 0, 0],
						"0.7167": [-45, 0, 0],
						"1.1167": [-5, 0, 0],
						"1.4833": [-45, 0, 0]
					}
				},
				"leg3": {
					"rotation": {
						"0.0": [-45, 0, 0],
						"0.3667": [-5, 0, 0],
						"0.7167": [-45, 0, 0],
						"1.1167": [-90, 0, 0],
						"1.4833": [-45, 0, 0]
					}
				}
			}
		},
		"animation.baryonyx.delayed_attacking": {
			"animation_length": 0.52,
			"bones": {
				"head": {
					"rotation": [0, 0, -20],
					"position": [0, -11, 0]
				},
				"head3": {
					"rotation": {
						"0.0": [0, 0, 0],
						"0.2": [0, 0, 0],
						"0.3667": [55, 0, 0],
						"0.5167": [0, 0, 0]
					}
				},
				"tail": {
					"rotation": [5, 0, 0],
					"position": [0, 7, -2]
				},
				"body": {
					"rotation": [20, 0, 0],
					"position": [0, 0, 6]
				},
				"body4": {
					"rotation": [-5, 0, 0]
				},
				"body5": {
					"position": [0, 0, 1],
					"scale": [1, 1, 1.2]
				},
				"leg2": {
					"position": [0, 0, -5]
				},
				"leg1": {
					"position": [0, 0, 5]
				},
				"leg4": {
					"rotation": [-30, 0, 0]
				},
				"leg3": {
					"rotation": [-30, 0, 0]
				}
			}
		},
		"animation.baryonyx.roar": {
			"animation_length": 1.68,
			"bones": {
				"head": {
					"rotation": {
						"0.0": [0, 0, 0],
						"0.2333": [0, 0, 0],
						"0.4": [0, 0, 20],
						"0.6": [0, 0, -25],
						"0.8": [0, 0, 20],
						"1.0": [0, 0, -20],
						"1.2333": [0, 0, 0],
						"1.4833": [-35, 0, 0],
						"1.6833": [0, 0, 0]
					},
					"position": {
						"0.0": [0, -3, -2],
						"0.2333": [0, -3, -2],
						"1.2333": [0, -3, -2],
						"1.4833": [0, -4, -2],
						"1.6833": [0, -3, -2]
					}
				},
				"head3": {
					"rotation": {
						"0.0": [0, 0, 0],
						"0.3167": [0, 0, 0],
						"0.5167": [60, 0, 0],
						"1.4833": [60, 0, 0],
						"1.6833": [0, 0, 0]
					}
				},
				"tail": {
					"position": [0, 2, -2]
				},
				"body": {
					"rotation": [5, 0, 0]
				},
				"body3": {
					"rotation": [5, 0, 0]
				},
				"body4": {
					"rotation": [0, 0, 0],
					"position": [0, 0, -1]
				},
				"body5": {
					"rotation": [5, 0, 0]
				},
				"leg2": {
					"position": [0, 0, -8]
				},
				"leg1": {
					"position": [0, 0, 6]
				},
				"leg4": {
					"rotation": [-30, 0, 0]
				},
				"leg3": {
					"rotation": [-30, 0, 0]
				}
			}
		}
	}
}