{
	"format_version": "1.8.0",
	"animations": {
		"animation.braquiossauro.setup": {
			"loop": true,
			"animation_length": 4.0833,
			"bones": {
				"bodyb": {
					"rotation": [0, 0, 0],
					"position": [0, 0, 0]
				},
				"body": {
					"position": {
						"0.0": [0, 0, 0],
						"2.0": [0, -4, 0],
						"4.0833": [0, 0, 0]
					}
				},
				"head": {
					"rotation": {
						"0.0": [0, 0, 0],
						"2.0": [5, 0, 0],
						"4.0833": [0, 0, 0]
					}
				},
				"tail": {
					"rotation": {
						"0.0": [0, 0, 0],
						"1.0": [0, 5, 0],
						"2.0": [0, 0, 0],
						"3.0333": [0, -5, 0],
						"4.0833": [0, 0, 0]
					}
				}
			}
		},
		"animation.braquiossauro.walk": {
			"loop": true,
			"animation_length": 2.0833,
			"bones": {
				"body": {
					"position": {
						"0.0": [0, 0, 0],
						"1.0333": [0, -12, 0],
						"2.0833": [0, 0, 0]
					}
				},
				"head": {
					"rotation": {
						"0.0": [0, 0, 0],
						"1.0333": [10, 0, 0],
						"2.0833": [0, 0, 0]
					}
				},
				"tail": {
					"rotation": {
						"0.0": [0, 0, 0],
						"0.5167": [2.5, 15, 0],
						"1.0333": [0, 0, 0],
						"1.6": [5, -15, 0],
						"2.0833": [0, 0, 0]
					},
					"position": {
						"0.0": [0, 0, 0],
						"0.5167": [-6, 0, 0],
						"1.0333": [0, 0, 0],
						"1.6": [5, 0, 2],
						"2.0833": [0, 0, 0]
					}
				},
				"leg0": {
					"rotation": {
						"0.0": [0, 0, 0],
						"0.2333": [-33.93, 0, 0],
						"0.5167": [-30, 0, 0],
						"1.0333": [0, 0, 0],
						"1.5667": [30, 0, 0],
						"2.0833": [0, 0, 0]
					},
					"position": {
						"0.0": [0, 0, 0],
						"0.2333": [0, 5.08, -4.15],
						"0.5167": [0, -2, -9],
						"0.7667": [0, -3.08, -4.85],
						"1.0333": [0, 0, 0],
						"1.5667": [0, -4, 4],
						"2.0833": [0, 0, 0]
					}
				},
				"leg1": {
					"rotation": {
						"0.0": [0, 0, 0],
						"0.5167": [30, 0, 0],
						"1.0333": [0, 0, 0],
						"1.3167": [-36.12, 0, 0],
						"1.5667": [-30, 0, 0],
						"2.0833": [0, 0, 0]
					},
					"position": {
						"0.0": [0, 0, 0],
						"0.2333": [0, -2, 2],
						"0.5167": [0, -2, 2],
						"1.0333": [0, 0, 0],
						"1.3167": [0, 2.46, -3.23],
						"1.5667": [0, -1, -10],
						"2.0833": [0, 0, 0]
					}
				},
				"leg3": {
					"rotation": {
						"0.0": [0, 0, 0],
						"0.5167": [30, 0, 0],
						"1.0333": [0, 0, 0],
						"1.2833": [-28.88, 0, 0],
						"1.5667": [-30, 0, 0],
						"2.0833": [0, 0, 0]
					},
					"position": {
						"0.0": [0, 0, 0],
						"0.5167": [0, -2, 7],
						"1.0333": [0, 0, 0],
						"1.2833": [0, 6, 0],
						"1.5667": [0, 1, 0],
						"2.0833": [0, 0, 0]
					}
				},
				"leg2": {
					"rotation": {
						"0.0": [0, 0, 0],
						"0.2333": [-33.93, 0, 0],
						"0.5167": [-30, 0, 0],
						"1.0333": [0, 0, 0],
						"1.5667": [30, 0, 0],
						"2.0833": [0, 0, 0]
					},
					"position": {
						"0.0": [0, 0, 0],
						"0.2333": [0, 5.54, 0],
						"0.5167": [0, -1, 0],
						"1.0333": [0, 0, 0],
						"1.5667": [0, -2, 0],
						"2.0833": [0, 0, 0]
					}
				},
				"leg0b": {
					"rotation": {
						"0.0": [0, 0, 0],
						"0.5167": [35, 0, 0],
						"1.0333": [0, 0, 0],
						"1.5667": [-25, 0, 0],
						"2.0833": [0, 0, 0]
					},
					"position": {
						"0.0": [0, 0, 0],
						"0.5167": [0, 5, 25],
						"1.0333": [0, 0, 0],
						"1.5667": [0, 8, -21],
						"2.0833": [0, 0, 0]
					}
				},
				"leg1b": {
					"rotation": {
						"0.0": [0, 0, 0],
						"0.2333": [-10, 0, 0],
						"0.5167": [-25, 0, 0],
						"1.0333": [0, 0, 0],
						"1.5667": [35, 0, 0],
						"2.0833": [0, 0, 0]
					},
					"position": {
						"0.0": [0, 0, 0],
						"0.2333": [0, 2, -7],
						"0.5167": [0, 6, -21],
						"1.0333": [0, 0, 0],
						"1.5667": [0, 5, 27],
						"2.0833": [0, 0, 0]
					}
				},
				"leg3b": {
					"rotation": {
						"0.0": [0, 0, 0],
						"0.5167": [-25, 0, 0],
						"1.0333": [0, 0, 0],
						"1.5667": [35, 0, 0],
						"2.0833": [0, 0, 0]
					},
					"position": {
						"0.0": [0, 0, 0],
						"0.5167": [0, 7, -21],
						"1.0333": [0, 0, 0],
						"1.5667": [0, 3, 22],
						"2.0833": [0, 0, 0]
					}
				},
				"leg2b": {
					"rotation": {
						"0.0": [0, 0, 0],
						"0.2333": [31.15, 0, 0],
						"0.5167": [35, 0, 0],
						"1.0333": [0, 0, 0],
						"1.5667": [-25, 0, 0],
						"2.0833": [0, 0, 0]
					},
					"position": {
						"0.0": [0, 0, 0],
						"0.2333": [0, 1.38, 20.62],
						"0.5167": [0, 3, 23],
						"1.0333": [0, 0, 0],
						"1.5667": [0, 6, -16],
						"2.0833": [0, 0, 0]
					}
				}
			}
		},
		"animation.braquiossauro.delayed_attacking": {
			"animation_length": 1.4,
			"bones": {
				"body": {
					"rotation": {
						"0.0": [15, 0, 0],
						"0.2": [-20, 0, 0],
						"0.5167": [-20, 0, 0],
						"1.0": [0, 0, 0],
						"1.4": [20, 0, 0]
					},
					"position": {
						"0.0": [0, -7, 2],
						"0.2": [0, 12, 2],
						"0.5167": [0, 12, 2],
						"1.0": [0, 0, 0],
						"1.4": [0, -5, 5]
					}
				},
				"head": {
					"rotation": {
						"0.0": [0, 0, 0],
						"0.2": [25, 0, 0],
						"0.5167": [45, 0, 0],
						"1.0": [0, 0, 0]
					}
				},
				"tail": {
					"rotation": [20, 0, 0],
					"position": [0, -2, 18]
				},
				"leg0": {
					"rotation": {
						"0.0": [0, 0, 0],
						"0.2": [-40, 0, 0],
						"0.5167": [-40, 0, 0],
						"1.0": [0, 0, 0]
					},
					"position": {
						"0.0": [0, 0, 0],
						"0.2": [0, 17, 5],
						"0.5167": [0, 17, 5],
						"1.0": [0, 0, 0]
					}
				},
				"leg0a": {
					"rotation": {
						"0.0": [35, 0, 0],
						"0.2": [0, 0, 0],
						"1.0": [0, 0, 0],
						"1.4": [40, 0, 0]
					},
					"position": {
						"0.0": [0, 0, 22],
						"0.2": [0, 0, 0],
						"1.0": [0, 0, 0],
						"1.4": [0, 5, 23]
					}
				},
				"leg0b": {
					"rotation": {
						"0.0": [0, 0, 0],
						"0.2": [25, 0, 0],
						"0.5167": [25, 0, 0],
						"1.0": [0, 0, 0]
					},
					"position": {
						"0.0": [0, 0, 0],
						"0.2": [0, 5, 18],
						"0.5167": [0, 5, 18],
						"1.0": [0, 0, 0]
					}
				},
				"leg1": {
					"rotation": {
						"0.0": [0, 0, 0],
						"0.2": [-40, 0, 0],
						"0.5167": [-40, 0, 0],
						"1.0": [0, 0, 0]
					},
					"position": {
						"0.0": [0, 0, 0],
						"0.2": [0, 13, 3],
						"0.5167": [0, 13, 3],
						"1.0": [0, 0, 0]
					}
				},
				"leg1a": {
					"rotation": {
						"0.0": [35, 0, 0],
						"0.2": [0, 0, 0],
						"1.0": [0, 0, 0],
						"1.4": [40, 0, 0]
					},
					"position": {
						"0.0": [0, 0, 22],
						"0.2": [0, 4, 0],
						"1.0": [0, 0, 0],
						"1.4": [0, 5, 23]
					}
				},
				"leg1b": {
					"rotation": {
						"0.0": [0, 0, 0],
						"0.2": [25, 0, 0],
						"0.5167": [25, 0, 0],
						"1.0": [0, 0, 0]
					},
					"position": {
						"0.0": [0, 0, 0],
						"0.2": [0, 9, 18],
						"0.5167": [0, 9, 18],
						"1.0": [0, 0, 0]
					}
				},
				"leg3": {
					"rotation": [0, 0, 0],
					"position": [0, 0, 0]
				},
				"leg2": {
					"rotation": [0, 0, 0],
					"position": [0, 0, 0]
				}
			}
		},
		"animation.braquiossauro.look_at_target": {
			"loop": true,
			"bones": {
				"head3": {
					"rotation": ["query.target_x_rotation - this", "query.target_y_rotation - this", 0]
				}
			}
		},
		"animation.apatossauro.look_at_target": {
			"loop": true,
			"bones": {
				"head3": {
					"rotation": ["-45+query.target_x_rotation - this", "query.target_y_rotation - this", 0]
				}
			}
		},
		"animation.diplodoco.look_at_target": {
			"loop": true,
			"bones": {
				"head2": {
					"rotation": ["5+query.target_x_rotation - this", "query.target_y_rotation - this", 0]
				}
			}
		},
		"animation.gigantoraptor.look_at_target": {
			"loop": true,
			"bones": {
				"head1": {
					"rotation": ["query.target_x_rotation - this", "query.target_y_rotation - this", 0]
				}
			}
		}
	}
}