{
	"format_version": "1.8.0",
	"animations": {
		"animation.camptossauro.setup": {
			"loop": true,
			"animation_length": 4,
			"bones": {
				"tail": {
					"rotation": {
						"0.0": [0, 0, 0],
						"2.0": [-5, 0, 0],
						"4.0": [0, 0, 0]
					},
					"position": {
						"0.0": [0, 0, 0],
						"2.0": [0, -2, 0],
						"4.0": [0, 0, 0]
					}
				},
				"body": {
					"position": {
						"0.0": [0, 0, 0],
						"2.0": [0, -2, 0],
						"4.0": [0, 0, 0]
					}
				}
			}
		},
		"animation.camptossauro.walk": {
			"loop": true,
			"animation_length": 2,
			"bones": {
				"tail": {
					"rotation": {
						"0.0": [0, 0, 0],
						"0.4833": [2.4, -5, 0],
						"1.0": [5, 0, 0],
						"1.5167": [2.4, 5, 0],
						"2.0": [0, 0, 0]
					},
					"position": {
						"0.0": [0, 0, 0],
						"1.0": [0, -3, 0],
						"2.0": [0, 0, 0]
					}
				},
				"tail1": {
					"rotation": {
						"0.0": [0, 0, 0],
						"0.4833": [0, -10, 0],
						"1.0": [0, 0, 0],
						"1.5167": [0, 10, 0],
						"2.0": [0, 0, 0]
					}
				},
				"tail3": {
					"rotation": {
						"0.0": [0, 0, 0],
						"0.4833": [0, -20, 0],
						"1.0": [0, 0, 0],
						"1.5167": [0, 20, 0],
						"2.0": [0, 0, 0]
					}
				},
				"tail4": {
					"rotation": {
						"0.0": [0, 0, 0],
						"0.4833": [0, -5, 0],
						"1.0": [0, 0, 0],
						"1.4": [0, 5, 0],
						"2.0": [0, 0, 0]
					}
				},
				"body": {
					"rotation": {
						"0.0": [0, 0, 0],
						"1.0": [5, 0, 0],
						"2.0": [0, 0, 0]
					},
					"position": {
						"0.0": [0, 0, 0],
						"1.0": [0, -3, 0],
						"2.0": [0, 0, 0]
					}
				},
				"leg0": {
					"rotation": {
						"0.0": [0, 0, 0],
						"0.2333": [-32.5, 0, 0],
						"0.4833": [-35, 0, 0],
						"1.0": [0, 0, 0],
						"1.5167": [35, 0, 0],
						"2.0": [0, 0, 0]
					},
					"position": {
						"0.0": [0, 0, 0],
						"0.2333": [0, 2, 0],
						"0.4833": [0, -10, 0],
						"0.7667": [0, -3.62, 0],
						"1.0": [0, 0, 0],
						"1.2833": [0, 1, 0],
						"1.5167": [0, 0, 0],
						"1.7667": [0, 4, 0],
						"2.0": [0, 0, 0]
					}
				},
				"leg0d": {
					"rotation": {
						"0.0": [0, 0, 0],
						"0.4833": [40, 0, 0],
						"1.0": [0, 0, 0],
						"1.5167": [-35, 0, 0],
						"2.0": [0, 0, 0]
					},
					"position": {
						"0.0": [0, 0, 0],
						"0.4833": [0, -2, 0],
						"1.0": [0, 0, 0],
						"1.5167": [0, 0, 0],
						"2.0": [0, 0, 0]
					}
				},
				"leg2": {
					"rotation": {
						"0.0": [0, 0, 0],
						"0.4833": [35, 0, 0],
						"1.0": [0, 0, 0],
						"1.2833": [-33.85, 0, 0],
						"1.5167": [-35, 0, 0],
						"2.0": [0, 0, 0]
					},
					"position": {
						"0.0": [0, 0, 0],
						"0.2333": [0, 1, 0],
						"0.4833": [0, 0, 0],
						"0.7167": [0, 4, 0],
						"1.0": [0, 0, 0],
						"1.2833": [0, -2, 0],
						"1.5167": [0, -10, 0],
						"1.7667": [0, -4, 0],
						"2.0": [0, 0, 0]
					}
				},
				"leg0d2": {
					"rotation": {
						"0.0": [0, 0, 0],
						"0.4833": [-35, 0, 0],
						"1.0": [0, 0, 0],
						"1.5167": [40, 0, 0],
						"2.0": [0, 0, 0]
					},
					"position": {
						"0.0": [0, 0, 0],
						"0.4833": [0, 0, 0],
						"1.0": [0, 0, 0],
						"1.5167": [0, 0, 2],
						"2.0": [0, 0, 0]
					}
				},
				"arm1": {
					"position": {
						"0.0": [0, 0, 0],
						"1.0": [0, -6, 0],
						"2.0": [0, 0, 0]
					}
				},
				"arm2": {
					"position": {
						"0.0": [0, 0, 0],
						"1.0": [0, -6, 0],
						"2.0": [0, 0, 0]
					}
				}
			}
		},
		"animation.camptossauro.sit": {
			"loop": true,
			"bones": {
				"bodyb": {
					"rotation": [-20, 0, 0]
				},
				"tail": {
					"rotation": [35, 0, 0],
					"position": [0, 7, -3]
				},
				"body": {
					"rotation": [40, 0, 0],
					"position": [0, 8, -2]
				},
				"eat": {
					"rotation": [0, 0, 0]
				},
				"leg0": {
					"rotation": [20, 0, 0],
					"position": [0, 4, -2]
				},
				"leg2": {
					"rotation": [20, 0, 0],
					"position": [0, 4, -2]
				},
				"arm1": {
					"position": [0, -11, 17]
				},
				"arm1b": {
					"rotation": [120, 0, 0],
					"position": [0, 2, 5]
				},
				"arm2": {
					"position": [0, -11, 17]
				},
				"arm1b2": {
					"rotation": [120, 0, 0],
					"position": [0, 2, 5]
				},
				"arm1a": {
					"rotation": [40, 0, 0],
					"position": [0, 6, 18]
				},
				"arm1a2": {
					"rotation": [40, 0, 0],
					"position": [0, 6, 18]
				}
			}
		},
		"animation.camptossauro.look_at_target": {
			"loop": true,
			"bones": {
				"head": {
					"rotation": ["45+query.target_x_rotation - this", "query.target_y_rotation - this", 0]
				}
			}
		}
	}
}