{
	"format_version": "1.8.0",
	"animations": {
		"animation.carnotauro.casting": {
			"animation_length": 2,
			"bones": {
				"body": {
					"rotation": {
						"0.0": [20, 0, 0],
						"2.0": [20, 0, 0]
					},
					"position": {
						"0.0": [0, -1, 0],
						"2.0": [0, -1, 0]
					}
				},
				"tail1": {
					"rotation": [-10, 0, 0]
				},
				"head": {
					"rotation": {
						"0.0": [-15, 0, 0],
						"0.5667": [-15, 0, 0],
						"0.8333": [-35, 0, 0],
						"1.2833": [-27.41, 0, 10],
						"1.6333": [-21.2, 0, -15],
						"2.0": [-15, 0, 0]
					},
					"position": {
						"0.0": [0, 0, 0],
						"2.0": [0, 0, 0]
					}
				},
				"head2": {
					"rotation": {
						"0.0": [0, 0, 0],
						"0.1667": [-5, 0, 0],
						"1.8833": [-5, 0, 0],
						"2.0": [0, 0, 0]
					}
				},
				"head3": {
					"rotation": {
						"0.0": [0, 0, 0],
						"0.1667": [45, 0, 0],
						"1.8833": [45, 0, 0],
						"2.0": [0, 0, 0]
					}
				},
				"head4": {
					"rotation": {
						"0.0": [0, 0, 0],
						"0.1667": [-5, 0, 0],
						"1.8833": [-5, 0, 0],
						"2.0": [0, 0, 0]
					}
				},
				"leg1": {
					"position": [0, 0, -5]
				},
				"leg2": {
					"position": [0, 0, 7]
				}
			}
		},
		"animation.carnotauro.new": {
			"loop": true
		}
	}
}