{
	"format_version": "1.8.0",
	"animations": {
		"animation.cryolo.delayed_attacking": {
			"animation_length": 0.7667,
			"bones": {
				"bodyb": {
					"rotation": {
						"0.0": [0, 0, 0],
						"0.4833": [20, 0, 0],
						"0.7667": [0, 0, 0]
					},
					"position": {
						"0.0": [0, 0, 0],
						"0.4833": [0, 0, 0],
						"0.7667": [0, 0, 0]
					}
				},
				"tail": {
					"rotation": {
						"0.0": [0, 0, 0],
						"0.4833": [15, 0, 0],
						"0.7667": [0, 0, 0]
					},
					"position": {
						"0.0": [0, 0, 0],
						"0.4833": [0, -3, 0],
						"0.7667": [0, 0, 0]
					}
				},
				"head": {
					"rotation": {
						"0.0": [0, 0, 0],
						"0.4833": [-20, 0, 0],
						"0.7667": [0, 0, 0]
					},
					"position": {
						"0.0": [0, 0, 0],
						"0.2833": [0, -1.73, -1.2],
						"0.3667": [0, -2.23, -0.26],
						"0.4833": [0, -3, 1],
						"0.5667": [0, -2.19, -1.27],
						"0.6333": [0, -1.34, 0.22],
						"0.7667": [0, 0, 0]
					}
				},
				"body": {
					"position": {
						"0.0": [0, 0, 0],
						"0.4833": [0, -3, 0],
						"0.7667": [0, 0, 0]
					}
				},
				"leg4": {
					"rotation": {
						"0.0": [0, 0, 0],
						"0.4833": [-75, 0, 0],
						"0.7667": [0, 0, 0]
					},
					"position": {
						"0.0": [0, 0, 0],
						"0.4833": [0, -5, -2],
						"0.7667": [0, 0, 0]
					}
				},
				"leg3": {
					"rotation": {
						"0.0": [0, 0, 0],
						"0.4833": [-75, 0, 0],
						"0.7667": [0, 0, 0]
					},
					"position": {
						"0.0": [0, 0, 0],
						"0.4833": [0, -5, -2],
						"0.7667": [0, 0, 0]
					}
				},
				"leg2": {
					"rotation": {
						"0.0": [0, 0, 0],
						"0.4833": [-20, 0, 0],
						"0.7667": [0, 0, 0]
					},
					"position": {
						"0.0": [0, 0, 0],
						"0.4833": [0, 0, -3],
						"0.7667": [0, 0, 0]
					}
				},
				"leg2d": {
					"rotation": {
						"0.0": [0, 0, 0],
						"0.4833": [-30, 0, 0],
						"0.7667": [0, 0, 0]
					},
					"position": {
						"0.0": [0, 0, 0],
						"0.4833": [0, 2, -5],
						"0.7667": [0, 0, 0]
					}
				},
				"leg1": {
					"rotation": {
						"0.0": [0, 0, 0],
						"0.4833": [-20, 0, 0],
						"0.7667": [0, 0, 0]
					},
					"position": {
						"0.0": [0, 0, 0],
						"0.4833": [0, -3, 7],
						"0.7667": [0, 0, 0]
					}
				},
				"leg1d": {
					"rotation": {
						"0.0": [0, 0, 0],
						"0.4833": [20, 0, 0],
						"0.7667": [0, 0, 0]
					},
					"position": {
						"0.0": [0, 0, 0],
						"0.4833": [0, 0, 2],
						"0.7667": [0, 0, 0]
					}
				},
				"head2": {
					"rotation": {
						"0.0": [0, 0, 0],
						"0.4833": [-10, 0, 0],
						"0.7667": [0, 0, 0]
					},
					"position": {
						"0.0": [0, 0, 0],
						"0.4833": [0, -4, -6],
						"0.7667": [0, 0, 0]
					}
				},
				"head3": {
					"rotation": {
						"0.0": [0, 0, 0],
						"0.4833": [40, 0, 0],
						"0.7667": [0, 0, 0]
					},
					"position": {
						"0.0": [0, 0, 0],
						"0.1167": [0, 5.75, 5.75],
						"0.2333": [0, 11.5, 9.5],
						"0.3667": [0, 18.25, 13.25],
						"0.4833": [0, 25, 15],
						"0.5667": [0, 17.35, 12.71],
						"0.6333": [0, 9.71, 8.43],
						"0.7667": [0, 0, 0]
					}
				}
			}
		}
	}
}