{
	"format_version": "1.8.0",
	"animations": {
		"animation.deinocheirus.setup": {
			"loop": true,
			"animation_length": 4,
			"bones": {
				"tail": {
					"rotation": {
						"0.0": [0, 0, 0],
						"2.0": [-5, 0, 0],
						"4.0": [0, 0, 0]
					},
					"position": {
						"0.0": [0, 0, 0],
						"2.0": [0, -2, 0],
						"4.0": [0, 0, 0]
					}
				},
				"body": {
					"position": {
						"0.0": [0, 0, 0],
						"2.0": [0, -2, 0],
						"4.0": [0, 0, 0]
					}
				},
				"head": {
					"position": {
						"0.0": [0, 0, 0],
						"2.0": [0, -2, 0],
						"4.0": [0, 0, 0]
					}
				}
			}
		},
		"animation.deinocheirus.walk": {
			"loop": true,
			"animation_length": 2,
			"bones": {
				"tail": {
					"rotation": {
						"0.0": [0, 0, 0],
						"0.4833": [2.4, -10, 0],
						"1.0": [5, 0, 0],
						"1.5167": [2.4, 10, 0],
						"2.0": [0, 0, 0]
					},
					"position": {
						"0.0": [0, 0, 0],
						"1.0": [0, -3, 0],
						"2.0": [0, 0, 0]
					}
				},
				"tail3": {
					"rotation": {
						"0.0": [0, 0, 0],
						"0.4833": [0, 0, 0],
						"1.0": [0, 0, 0],
						"1.5167": [0, 0, 0],
						"2.0": [0, 0, 0]
					}
				},
				"tail4": {
					"rotation": {
						"0.0": [0, 0, 0],
						"0.4833": [0, -5, 0],
						"1.0": [0, 0, 0],
						"1.4": [0, 5, 0],
						"2.0": [0, 0, 0]
					}
				},
				"body": {
					"rotation": {
						"0.0": [0, 0, 0],
						"1.0": [5, 0, 0],
						"2.0": [0, 0, 0]
					},
					"position": {
						"0.0": [0, 0, 0],
						"1.0": [0, -3, 0],
						"2.0": [0, 0, 0]
					}
				},
				"leg0": {
					"rotation": {
						"0.0": [0, 0, 0],
						"0.2333": [-57.5, 0, 0],
						"0.4833": [-35, 0, 0],
						"1.0": [0, 0, 0],
						"1.5167": [35, 0, 0],
						"2.0": [0, 0, 0]
					},
					"position": {
						"0.0": [0, 0, 0],
						"0.2333": [0, 2, -7],
						"0.4833": [0, -5, 0],
						"0.7667": [0, -0.62, 0],
						"1.0": [0, 0, 0],
						"1.2833": [0, 1, 0],
						"1.5167": [0, -7, 0],
						"1.7667": [0, 4, 0],
						"2.0": [0, 0, 0]
					}
				},
				"leg0d": {
					"rotation": {
						"0.0": [0, 0, 0],
						"0.4833": [40, 0, 0],
						"1.0": [0, 0, 0],
						"1.5167": [-35, 0, 0],
						"2.0": [0, 0, 0]
					},
					"position": {
						"0.0": [0, 0, 0],
						"0.2333": [0, 1.01, 0],
						"0.4833": [0, 1, -2],
						"1.0": [0, 0, 0],
						"1.5167": [0, 0, 0],
						"2.0": [0, 0, 0]
					}
				},
				"leg2": {
					"rotation": {
						"0.0": [0, 0, 0],
						"0.4833": [35, 0, 0],
						"1.0": [0, 0, 0],
						"1.2833": [-57.5, 0, 0],
						"1.5167": [-35, 0, 0],
						"2.0": [0, 0, 0]
					},
					"position": {
						"0.0": [0, 0, 0],
						"0.2333": [0, 1, 0],
						"0.4833": [0, -7, 0],
						"0.7167": [0, 4, 0],
						"1.0": [0, 0, 0],
						"1.2833": [0, 2, -7],
						"1.5167": [0, -6, 0],
						"1.7667": [0, -1, 0],
						"2.0": [0, 0, 0]
					}
				},
				"leg0d2": {
					"rotation": {
						"0.0": [0, 0, 0],
						"0.4833": [-35, 0, 0],
						"1.0": [0, 0, 0],
						"1.5167": [40, 0, 0],
						"2.0": [0, 0, 0]
					},
					"position": {
						"0.0": [0, 0, 0],
						"0.4833": [0, 0, 0],
						"1.0": [0, 0, 0],
						"1.2833": [0, 1, -1.92],
						"1.5167": [0, 2, -1],
						"2.0": [0, 0, 0]
					}
				},
				"arm1": {
					"position": {
						"0.0": [0, 0, 0],
						"1.0": [0, -6, 0],
						"2.0": [0, 0, 0]
					}
				},
				"arm2": {
					"position": {
						"0.0": [0, 0, 0],
						"1.0": [0, -6, 0],
						"2.0": [0, 0, 0]
					}
				},
				"head": {
					"position": {
						"0.0": [0, 0, 0],
						"1.0": [0, -9, -5],
						"2.0": [0, 0, 0]
					}
				}
			}
		},
		"animation.deinocheirus.look_at_target": {
			"loop": true,
			"bones": {
				"head": {
					"rotation": ["5+query.target_x_rotation - this", "query.target_y_rotation - this", 0]
				}
			}
		}
	}
}