{
	"format_version": "1.8.0",
	"animations": {
		"animation.dimetrodon.look_at_target": {
			"loop": true,
			"bones": {
				"head": {
					"rotation": ["5+query.target_x_rotation - this", "query.target_y_rotation - this", 0]
				}
			}
		},
		"animation.dimetrodon.setup": {
			"loop": true,
			"animation_length": 4,
			"bones": {
				"tail": {
					"position": {
						"0.0": [0, 0, 0],
						"2.0": [0, -2, 0],
						"4.0": [0, 0, 0]
					}
				},
				"head": {
					"position": {
						"0.0": [0, 0, 0],
						"2.0": [0, -2, 0],
						"4.0": [0, 0, 0]
					}
				},
				"body": {
					"position": {
						"0.0": [0, 0, 0],
						"2.0": [0, -2, 0],
						"4.0": [0, 0, 0]
					}
				}
			}
		},
		"animation.dimetrodon.walk": {
			"loop": true,
			"animation_length": 0.9667,
			"bones": {
				"tail": {
					"position": {
						"0.0": [0, 0, 0],
						"0.4833": [0, -2, 0],
						"0.9667": [0, 0, 0]
					}
				},
				"head": {
					"position": {
						"0.0": [0, 0, 0],
						"0.4833": [0, -2, 0],
						"0.9667": [0, 0, 0]
					}
				},
				"body": {
					"position": {
						"0.0": [0, 0, 0],
						"0.4833": [0, -2, 0],
						"0.9667": [0, 0, 0]
					}
				},
				"leg4": {
					"position": {
						"0.0": [0, 0, 0],
						"0.2333": [0, 0, -10],
						"0.4833": [0, 0, 0],
						"0.7167": [0, 0, 10],
						"0.9667": [0, 0, 0]
					}
				},
				"leg5": {
					"position": {
						"0.0": [0, 0, 0],
						"0.2333": [0, 0, 10],
						"0.4833": [0, 0, 0],
						"0.7167": [0, 0, -10],
						"0.9667": [0, 0, 0]
					}
				},
				"leg2": {
					"position": {
						"0.0": [0, 0, 0],
						"0.2333": [0, 0, 10],
						"0.4833": [0, 0, 0],
						"0.7167": [0, 0, -10],
						"0.9667": [0, 0, 0]
					}
				},
				"leg3": {
					"position": {
						"0.0": [0, 0, 0],
						"0.2333": [0, 0, -10],
						"0.4833": [0, 0, 0],
						"0.7167": [0, 0, 10],
						"0.9667": [0, 0, 0]
					}
				}
			}
		},
		"animation.dimetrodon.delayed_attacking": {
			"animation_length": 0.2,
			"bones": {
				"head": {
					"rotation": [-25, 0, 0],
					"position": [0, 0, 0]
				},
				"head2": {
					"rotation": [45, 0, 0],
					"position": [0, 1, 3]
				}
			}
		}
	}
}