{
	"format_version": "1.8.0",
	"animations": {
		"animation.edmontossauro.setup": {
			"loop": true,
			"animation_length": 4,
			"bones": {
				"tail": {
					"rotation": {
						"0.0": [0, 0, 0],
						"2.0": [-5, 0, 0],
						"4.0": [0, 0, 0]
					},
					"position": {
						"0.0": [0, 0, 0],
						"2.0": [0, -2, 0],
						"4.0": [0, 0, 0]
					}
				},
				"body": {
					"position": {
						"0.0": [0, 0, 0],
						"2.0": [0, -2, 0],
						"4.0": [0, 0, 0]
					}
				}
			}
		},
		"animation.edmontossauro.walk": {
			"loop": true,
			"animation_length": 2,
			"bones": {
				"tail": {
					"rotation": {
						"0.0": [0, 0, 0],
						"0.4833": [2.4, -10, 0],
						"1.0": [5, 0, 0],
						"1.5167": [2.4, 10, 0],
						"2.0": [0, 0, 0]
					},
					"position": {
						"0.0": [0, 0, 0],
						"1.0": [0, -3, 0],
						"2.0": [0, 0, 0]
					}
				},
				"tail1": {
					"rotation": {
						"0.0": [0, 0, 0],
						"0.4833": [0, -15, 0],
						"1.0": [0, 0, 0],
						"1.5167": [0, 15, 0],
						"2.0": [0, 0, 0]
					}
				},
				"tail3": {
					"rotation": {
						"0.0": [0, 0, 0],
						"0.4833": [0, -20, 0],
						"1.0": [0, 0, 0],
						"1.5167": [0, 20, 0],
						"2.0": [0, 0, 0]
					}
				},
				"tail4": {
					"rotation": {
						"0.0": [0, 0, 0],
						"0.4833": [0, -15, 0],
						"1.0": [0, 0, 0],
						"1.5167": [0, 15, 0],
						"2.0": [0, 0, 0]
					}
				},
				"body": {
					"rotation": {
						"0.0": [0, 0, 0],
						"1.0": [5, 0, 0],
						"2.0": [0, 0, 0]
					},
					"position": {
						"0.0": [0, 0, 0],
						"1.0": [0, -3, 0],
						"2.0": [0, 0, 0]
					}
				},
				"leg0": {
					"rotation": {
						"0.0": [0, 0, 0],
						"0.2333": [-32.5, 0, 0],
						"0.4833": [-35, 0, 0],
						"1.0": [0, 0, 0],
						"1.5167": [35, 0, 0],
						"2.0": [0, 0, 0]
					},
					"position": {
						"0.0": [0, 0, 0],
						"0.2333": [0, 2, 0],
						"0.4833": [0, -10, 0],
						"0.7667": [0, -3.62, 0],
						"1.0": [0, 0, 0],
						"1.2833": [0, 1, 0],
						"1.5167": [0, 0, 0],
						"1.7667": [0, 4, 0],
						"2.0": [0, 0, 0]
					}
				},
				"leg0d": {
					"rotation": {
						"0.0": [0, 0, 0],
						"0.4833": [40, 0, 0],
						"1.0": [0, 0, 0],
						"1.5167": [-35, 0, 0],
						"2.0": [0, 0, 0]
					},
					"position": {
						"0.0": [0, 0, 0],
						"0.4833": [0, -2, 0],
						"1.0": [0, 0, 0],
						"1.5167": [0, 0, 0],
						"2.0": [0, 0, 0]
					}
				},
				"leg2": {
					"rotation": {
						"0.0": [0, 0, 0],
						"0.4833": [35, 0, 0],
						"1.0": [0, 0, 0],
						"1.2833": [-33.85, 0, 0],
						"1.5167": [-35, 0, 0],
						"2.0": [0, 0, 0]
					},
					"position": {
						"0.0": [0, 0, 0],
						"0.2333": [0, 1, 0],
						"0.4833": [0, 0, 0],
						"0.7167": [0, 4, 0],
						"1.0": [0, 0, 0],
						"1.2833": [0, -2, 0],
						"1.5167": [0, -10, 0],
						"1.7667": [0, -4, 0],
						"2.0": [0, 0, 0]
					}
				},
				"leg0d2": {
					"rotation": {
						"0.0": [0, 0, 0],
						"0.4833": [-35, 0, 0],
						"1.0": [0, 0, 0],
						"1.5167": [40, 0, 0],
						"2.0": [0, 0, 0]
					},
					"position": {
						"0.0": [0, 0, 0],
						"0.4833": [0, 0, 0],
						"1.0": [0, 0, 0],
						"1.5167": [0, 0, 2],
						"2.0": [0, 0, 0]
					}
				},
				"arm1": {
					"rotation": {
						"0.0": [0, 0, 0],
						"0.2333": [-42.5, 0, 0],
						"0.4833": [-45, 0, 0],
						"1.0": [0, 0, 0],
						"1.2833": [-42.5, 0, 0],
						"1.5167": [-45, 0, 0],
						"2.0": [0, 0, 0]
					},
					"position": {
						"0.0": [0, 0, 0],
						"0.2333": [0, 0.5, -1.5],
						"0.4833": [0, -5, -3],
						"0.7667": [0, -1.31, -1.38],
						"1.0": [0, 0, 0],
						"1.2833": [0, 0.5, -1.5],
						"1.5167": [0, -5, -3],
						"1.7667": [0, -1.31, -1.38],
						"2.0": [0, 0, 0]
					}
				},
				"arm1b": {
					"rotation": {
						"0.0": [0, 0, 0],
						"0.2333": [35, 0, 0],
						"0.4833": [70, 0, 0],
						"1.0": [0, 0, 0],
						"1.5167": [70, 0, 0],
						"2.0": [0, 0, 0]
					}
				},
				"arm2": {
					"rotation": {
						"0.0": [0, 0, 0],
						"0.2333": [-42.5, 0, 0],
						"0.4833": [-45, 0, 0],
						"1.0": [0, 0, 0],
						"1.2833": [-42.5, 0, 0],
						"1.5167": [-45, 0, 0],
						"2.0": [0, 0, 0]
					},
					"position": {
						"0.0": [0, 0, 0],
						"0.2333": [0, 0.5, -1.5],
						"0.4833": [0, -5, -3],
						"0.7667": [0, -1.31, -1.38],
						"1.0": [0, 0, 0],
						"1.2833": [0, 0.5, -1.5],
						"1.5167": [0, -5, -3],
						"1.7667": [0, -1.31, -1.38],
						"2.0": [0, 0, 0]
					}
				},
				"arm1b2": {
					"rotation": {
						"0.0": [0, 0, 0],
						"0.4833": [70, 0, 0],
						"1.0": [0, 0, 0],
						"1.5167": [70, 0, 0],
						"2.0": [0, 0, 0]
					}
				}
			}
		},
		"animation.edmontossauro.sit": {
			"loop": true,
			"animation_length": 0.6,
			"bones": {
				"bodyb": {
					"rotation": [-20, 0, 0]
				},
				"tail": {
					"position": [0, 8, -1]
				},
				"body": {
					"rotation": [0, 0, 0],
					"position": [0, 8, -2]
				},
				"head": {
					"rotation": [15, 0, 0]
				},
				"eat": {
					"rotation": [0, 0, 0]
				},
				"leg0": {
					"rotation": [20, 0, 0],
					"position": [0, 4, -2]
				},
				"leg2": {
					"rotation": [20, 0, 0],
					"position": [0, 4, -2]
				},
				"arm1": {
					"position": [0, 10, -1]
				},
				"arm1b": {
					"rotation": [125, 0, 0]
				},
				"arm2": {
					"position": [0, 10, -1]
				},
				"arm1b2": {
					"rotation": [125, 0, 0]
				}
			}
		},
		"animation.edmontossauro.casting": {
			"animation_length": 2,
			"bones": {
				"bodyb": {
					"rotation": [-20, 0, 0]
				},
				"tail": {
					"position": [0, 8, -1]
				},
				"body": {
					"rotation": [0, 0, 0],
					"position": [0, 8, -2]
				},
				"head": {
					"rotation": {
						"0.0": [15, 0, 0],
						"1.0": [-15, 0, 0],
						"2.0": [15, 0, 0]
					}
				},
				"eat": {
					"rotation": {
						"0.0": [0, 0, 0],
						"1.0": [45, 0, 0],
						"2.0": [0, 0, 0]
					},
					"position": {
						"0.0": [0, 0, 0],
						"1.0": [0, -1, 1],
						"2.0": [0, 0, 0]
					}
				},
				"leg0": {
					"rotation": [20, 0, 0],
					"position": [0, 4, -2]
				},
				"leg2": {
					"rotation": [20, 0, 0],
					"position": [0, 4, -2]
				},
				"arm1": {
					"position": [0, 10, -1]
				},
				"arm1b": {
					"rotation": [125, 0, 0]
				},
				"arm2": {
					"position": [0, 10, -1]
				},
				"arm1b2": {
					"rotation": [125, 0, 0]
				}
			}
		},
		"animation.sauro.look_at_target": {
			"loop": true,
			"bones": {
				"head": {
					"rotation": ["25+query.target_x_rotation - this", "query.target_y_rotation - this", 0]
				}
			}
		}
	}
}