{
	"format_version": "1.8.0",
	"animations": {
		"animation.elasmossauro.setup": {
			"loop": true,
			"animation_length": 2.0833,
			"bones": {
				"bodyb": {
					"rotation": {
						"0.0": [0, 0, 0],
						"1.0": [-5, 0, 0],
						"2.0833": [0, 0, 0]
					}
				},
				"head": {
					"rotation": {
						"0.0": [0, 0, 0],
						"1.0": [5, 0, 0],
						"2.0833": [0, 0, 0]
					}
				},
				"tail": {
					"rotation": {
						"0.0": [0, 0, 0],
						"0.4833": [0, 5, 0],
						"1.0": [0, 0, 0],
						"1.5167": [0, -5, 0],
						"2.0833": [0, 0, 0]
					}
				},
				"tail3": {
					"rotation": {
						"0.0": [0, 0, 0],
						"0.4833": [0, 5, 0],
						"1.0": [0, 0, 0],
						"1.5167": [0, -5, 0],
						"2.0833": [0, 0, 0]
					}
				},
				"tail4": {
					"rotation": {
						"0.0": [0, 0, 0],
						"0.4833": [0, 10, 0],
						"1.0": [0, 0, 0],
						"1.5167": [0, -10, 0],
						"2.0833": [0, 0, 0]
					},
					"position": {
						"0.0": [0, 0, 0],
						"0.4833": [1, 0, 0],
						"1.0": [0, 0, 0],
						"1.5167": [-1, 0, 0],
						"2.0833": [0, 0, 0]
					}
				},
				"leg1": {
					"rotation": {
						"0.0": [0, 0, 0],
						"0.4833": [0, 0, 80],
						"1.0": [0, 0, 0],
						"1.5167": [0, 0, -60],
						"2.0833": [0, 0, 0]
					}
				},
				"leg2": {
					"rotation": {
						"0.0": [0, 0, 0],
						"0.4833": [0, 0, -80],
						"1.0": [0, 0, 0],
						"1.5167": [0, 0, 60],
						"2.0833": [0, 0, 0]
					}
				},
				"leg3": {
					"rotation": {
						"0.0": [0, 0, 0],
						"0.4833": [0, 0, -60],
						"1.0": [0, 0, 0],
						"1.5167": [0, 0, 80],
						"2.0833": [0, 0, 0]
					}
				},
				"leg4": {
					"rotation": {
						"0.0": [0, 0, 0],
						"0.4833": [0, 0, 60],
						"1.0": [0, 0, 0],
						"1.5167": [0, 0, -80],
						"2.0833": [0, 0, 0]
					}
				}
			}
		},
		"animation.elasmossauro.swim": {
			"loop": true,
			"animation_length": 3,
			"bones": {
				"bodyb": {
					"rotation": {
						"0.0": [0, 0, 0],
						"1.0333": [-10, 0, 0],
						"2.0833": [15, 0, 0],
						"3.0": [0, 0, 0]
					}
				},
				"tail": {
					"rotation": {
						"0.0": [0, 0, 0],
						"1.0333": [-15, 0, 0],
						"2.0833": [15, 0, 0],
						"3.0": [0, 0, 0]
					}
				},
				"tail3": {
					"rotation": {
						"0.0": [0, 0, 0],
						"1.0333": [-15, 0, 0],
						"2.0833": [10, 0, 0],
						"3.0": [0, 0, 0]
					}
				},
				"tail4": {
					"rotation": {
						"0.0": [0, 0, 0],
						"1.0333": [-35, 0, 0],
						"2.0833": [25, 0, 0],
						"3.0": [0, 0, 0]
					},
					"position": {
						"0.0": [0, 0, 0],
						"1.0333": [0, -3, -1],
						"2.0833": [0, 1, -1],
						"3.0": [0, 0, 0]
					}
				},
				"neck": {
					"rotation": {
						"0.0": [25, 0, 0],
						"1.0333": [10, 0, 0],
						"2.0833": [20, 0, 0],
						"2.9167": [25, 0, 0]
					}
				},
				"neck2": {
					"rotation": {
						"0.0": [0, 0, 0],
						"1.0333": [0, 0, 0],
						"2.0833": [0, 0, 0],
						"3.0": [0, 0, 0]
					}
				},
				"neck4": {
					"rotation": [15, 0, 0],
					"position": [0, -1, 0]
				},
				"neckk": {
					"rotation": {
						"0.0": [0, 0, 0],
						"1.0333": [0, 0, 0],
						"2.0833": [0, 0, 0],
						"3.0": [0, 0, 0]
					}
				},
				"neckk3": {
					"rotation": {
						"0.0": [0, 0, 0],
						"1.0333": [0, 0, 0],
						"2.0833": [-10, 0, 0],
						"3.0": [0, 0, 0]
					}
				},
				"neckk4": {
					"rotation": {
						"0.0": [-10, 0, 0],
						"1.0333": [0, 0, 0],
						"2.0833": [-20, 0, 0],
						"2.9167": [-10, 0, 0]
					}
				},
				"neckk5": {
					"rotation": {
						"0.0": [-20, 0, 0],
						"1.0333": [0, 0, 0],
						"2.0833": [-20, 0, 0],
						"3.0": [-20, 0, 0]
					}
				},
				"head": {
					"rotation": {
						"0.0": [-5, 0, 0],
						"2.0833": [-15, 0, 0],
						"3.0": [-5, 0, 0]
					}
				}
			}
		}
	}
}