{
	"format_version": "1.8.0",
	"animations": {
		"animation.estegossauro.setup": {
			"loop": true,
			"animation_length": 4,
			"bones": {
				"bodyb": {
					"rotation": [0, 0, 0],
					"position": [0, 0, 0]
				},
				"tail": {
					"position": {
						"0.0": [0, 0, 0],
						"2.0": [0, -2, 0],
						"4.0": [0, 0, 0]
					}
				},
				"head": {
					"position": {
						"0.0": [0, 0, 0],
						"2.0": [0, -2, 0],
						"4.0": [0, 0, 0]
					}
				},
				"body": {
					"position": {
						"0.0": [0, 0, 0],
						"2.0": [0, -2, 0],
						"4.0": [0, 0, 0]
					}
				},
				"leg4c": {
					"position": {
						"0.0": [0, 0, 0],
						"1.0": [0, -1, 0],
						"2.0": [0, 0, 0]
					}
				},
				"leg3c": {
					"position": {
						"0.0": [0, 0, 0],
						"1.0": [0, -1, 0],
						"2.0": [0, 0, 0]
					}
				},
				"leg2c": {
					"position": {
						"0.0": [0, 0, 0],
						"1.0": [0, -1, 0],
						"2.0": [0, 0, 0]
					}
				},
				"leg1c": {
					"position": {
						"0.0": [0, 0, 0],
						"1.0": [0, -1, 0],
						"2.0": [0, 0, 0]
					}
				},
				"one": {
					"position": {
						"0.0": [0, 0, 0],
						"2.0": [0, -2, 0],
						"4.0": [0, 0, 0]
					}
				}
			}
		},
		"animation.estegossauro.delayed_attacking": {
			"animation_length": 1.64,
			"bones": {
				"bodyb": {
					"rotation": {
						"0.0": [0, 0, 0],
						"0.4833": [0, 80, 0],
						"0.9667": [0, 150, 0],
						"1.2": [0, 150, 0]
					},
					"position": {
						"0.0": [0, 0, 0],
						"0.4833": [8, 0, 2],
						"0.9667": [11, 0, -5],
						"1.2": [11, 0, -5]
					}
				},
				"tail": {
					"rotation": {
						"0.0": [0, 0, 0],
						"0.2333": [0, -10, 0],
						"0.4833": [0, -25, 0],
						"0.9667": [0, -35, 0],
						"1.0833": [0, -35, 0],
						"1.3167": [10, 40, -15],
						"1.6333": [0, 0, 0]
					},
					"position": {
						"0.0": [0, 0, 0],
						"0.4833": [0, 0, -2],
						"0.9667": [0.43, -0.57, -2.57],
						"1.3167": [-1, -1, -3],
						"1.6333": [0, 0, 0]
					}
				},
				"body3": {
					"rotation": {
						"0.0": [0, 0, 0],
						"0.2333": [0, 15, 0]
					},
					"position": {
						"0.0": [0, 0, 0],
						"0.2333": [-1, 0, 1]
					}
				},
				"body4": {
					"rotation": {
						"0.0": [0, 0, 0],
						"0.2333": [0, 5, 0]
					},
					"position": [0, 0, 0]
				},
				"leg4": {
					"rotation": {
						"0.0": [0, 0, 0],
						"0.2333": [-60, 0, 0],
						"0.3667": [-15, 0, 0],
						"0.4833": [0, -20, 0],
						"0.7167": [25, -20, 0],
						"0.9667": [0, -20, 0]
					},
					"position": {
						"0.0": [0, 0, 0],
						"0.2333": [0, -2.5, -3],
						"0.3667": [0, -0.25, 0],
						"0.4833": [0, 0, 0],
						"0.7167": [0, -1.5, 0],
						"0.9667": [0, 0, 0]
					}
				},
				"leg4a": {
					"rotation": {
						"0.0": [0, 0, 0],
						"0.2333": [35, 0, 0],
						"0.4833": [0, 0, 0],
						"0.7167": [-25, 0, 0],
						"0.9667": [0, 0, 0]
					}
				},
				"leg3": {
					"rotation": {
						"0.0": [0, 0, 0],
						"0.2333": [35, 15, 15],
						"0.4833": [0, 30, 0],
						"0.6": [-47.33, 30, 0],
						"0.7167": [-25, 30, 0],
						"0.9667": [0, 30, 0]
					},
					"position": {
						"0.0": [0, 0, 0],
						"0.2333": [-2, -2, 0],
						"0.4833": [0, 0, 0],
						"0.7167": [0, -1, 0],
						"0.9667": [0, 0, 0]
					}
				},
				"leg3a": {
					"rotation": {
						"0.0": [0, 0, 0],
						"0.2333": [-30, 0, -15],
						"0.4833": [0, 0, 0],
						"0.7167": [25, 0, 0],
						"0.9667": [0, 0, 0]
					}
				},
				"head_base": {
					"rotation": {
						"0.0": [0, 0, 0],
						"0.2333": [0, 25, 0]
					},
					"position": {
						"0.0": [0, 0, 0],
						"0.2333": [-3, 0, 1]
					}
				},
				"tail3": {
					"rotation": {
						"0.4833": [0, 0, 0],
						"0.7167": [0, -20, 0],
						"0.9667": [0, 0, 0],
						"1.0833": [0, 0, 0],
						"1.3167": [0, 20, 0],
						"1.6333": [0, 0, 0]
					},
					"position": {
						"0.4833": [0, 0, 0],
						"0.7167": [2, 0, 1],
						"0.9667": [0, 0, 0],
						"1.0833": [0, 0, 0],
						"1.3167": [-1, 0, 1],
						"1.6333": [0, 0, 0]
					}
				},
				"tail4": {
					"rotation": {
						"0.4833": [0, 0, 0],
						"0.7167": [0, -45, 0],
						"0.9667": [0, 0, 0],
						"1.0833": [0, 0, 0],
						"1.3167": [0, 30, 0],
						"1.6333": [0, 0, 0]
					},
					"position": {
						"0.4833": [0, 0, 0],
						"0.7167": [7, 0, 3],
						"0.9667": [0, 0, 0],
						"1.0833": [0, 0, 0],
						"1.3167": [-3, 0, 2],
						"1.6333": [0, 0, 0]
					}
				},
				"leg2": {
					"rotation": {
						"0.0": [0, 0, 0],
						"0.2333": [45, 0, 0],
						"0.5667": [0, 0, 0],
						"0.6833": [-42.5, 0, 0],
						"0.8": [-45, 0, 0],
						"0.9667": [0, 0, 0]
					},
					"position": {
						"0.0": [0, 0, 0],
						"0.2333": [0, -6, -5],
						"0.5667": [0, 0, 0],
						"0.6833": [0, 0, 9],
						"0.8": [0, -5, 5],
						"0.9667": [0, 0, 0]
					}
				},
				"leg2a": {
					"rotation": {
						"0.0": [0, 0, 0],
						"0.2333": [-45, 0, 0],
						"0.5667": [0, 0, 0],
						"0.8": [45, 0, 0],
						"0.9667": [0, 0, 0]
					},
					"position": {
						"0.5667": [0, 0, 0],
						"0.8": [0, 0, -1],
						"0.9667": [0, 0, 0]
					}
				},
				"leg1": {
					"rotation": {
						"0.0": [0, 0, 0],
						"0.1167": [-52.5, 12.5, 0],
						"0.2333": [-35, 25, 0],
						"0.5667": [-35, 40, 0],
						"0.7667": [27.5, 20, 0],
						"0.9667": [0, 0, 0]
					},
					"position": {
						"0.0": [0, 0, 0],
						"0.1167": [1.5, -5.25, 13.5],
						"0.2333": [3, -4.5, 11],
						"0.5667": [4, -4.5, 5],
						"0.6833": [-0.2, -0.15, -1.9],
						"0.7667": [-3, -2.25, -6.5],
						"0.8833": [-1.2, 0, -2.6],
						"0.9667": [0, 0, 0]
					}
				},
				"leg1a": {
					"rotation": {
						"0.0": [0, 0, 0],
						"0.2333": [35, 0, 0],
						"0.5667": [35, 0, 0],
						"0.7667": [-22.5, 0, 0],
						"0.9667": [0, 0, 0]
					},
					"position": {
						"0.0": [0, 0, 0],
						"0.2333": [0, 0, -1],
						"0.5667": [0, 0, -1],
						"0.9667": [0, 0, 0]
					}
				},
				"body6": {
					"rotation": {
						"0.0": [0, 0, 0],
						"0.2333": [0, 20, 0]
					},
					"position": {
						"0.0": [0, 0, 0],
						"0.2333": [-2, 0, 1]
					}
				},
				"one": {
					"rotation": [0, 0, 0],
					"position": [0, 0, 0]
				},
				"boards7": {
					"rotation": {
						"0.0": [0, 0, 0],
						"0.2333": [0, 10, 0]
					},
					"position": {
						"0.0": [0, 0, 0],
						"0.2333": [4, 0, 0]
					}
				},
				"boards8": {
					"rotation": {
						"0.0": [0, 0, 0],
						"0.2333": [0, 10, 0]
					},
					"position": {
						"0.0": [0, 0, 0],
						"0.2333": [5, 0, 0]
					}
				},
				"boards9": {
					"rotation": {
						"0.0": [0, 0, 0],
						"0.2333": [0, 10, 0]
					},
					"position": {
						"0.0": [0, 0, 0],
						"0.2333": [4, 0, 0]
					}
				},
				"boards10": {
					"rotation": {
						"0.0": [0, 0, 0],
						"0.2333": [0, 15, 0]
					},
					"position": {
						"0.0": [0, 0, 0],
						"0.2333": [6, 0, 0]
					}
				},
				"head": {
					"rotation": [-5, 0, 0]
				}
			}
		},
		"animation.estegossauro.walk": {
			"loop": true,
			"animation_length": 2.04,
			"bones": {
				"tail": {
					"rotation": {
						"0.0": [0, 0, 0],
						"0.4833": [0, 5, 0],
						"1.0": [0, 0, 0],
						"1.5167": [0, -5, 0],
						"2.0333": [0, 0, 0]
					},
					"position": {
						"0.0": [0, 0, 0],
						"1.0": [0, -4, 0],
						"2.0333": [0, 0, 0]
					}
				},
				"head": {
					"position": {
						"0.0": [0, 0, 0],
						"1.0": [0, -4, 0],
						"2.0333": [0, 0, 0]
					}
				},
				"body": {
					"position": {
						"0.0": [0, 0, 0],
						"1.0": [0, -4, 0],
						"2.0333": [0, 0, 0]
					}
				},
				"leg4": {
					"rotation": {
						"0.0": [0, 0, 0],
						"0.2333": [-52.35, 0, 0],
						"0.4833": [-45, 0, 0],
						"1.0": [0, 0, 0],
						"1.5167": [45, 0, 0],
						"2.0333": [0, 0, 0]
					},
					"position": {
						"0.0": [0, 0, 0],
						"0.2333": [0, 2.01, 0],
						"0.4833": [0, -4, 0],
						"1.0": [0, 0, 0],
						"1.2333": [0, -1, 0.93],
						"1.5167": [0, -4, 2],
						"1.8": [0, -1.26, 0.9],
						"2.0333": [0, 0, 0]
					}
				},
				"leg4a": {
					"rotation": {
						"0.0": [0, 0, 0],
						"0.4833": [45, 0, 0],
						"1.0": [0, 0, 0],
						"1.5167": [-45, 0, 0],
						"2.0333": [0, 0, 0]
					},
					"position": {
						"0.0": [0, 0, 0],
						"0.4833": [0, 1, 1],
						"1.0": [0, 0, 0],
						"1.5167": [0, 0, 0],
						"2.0333": [0, 0, 0]
					}
				},
				"leg3": {
					"rotation": {
						"0.0": [0, 0, 0],
						"0.4833": [45, 0, 0],
						"1.0": [0, 0, 0],
						"1.2833": [-52.35, 0, 0],
						"1.5167": [-45, 0, 0],
						"2.0333": [0, 0, 0]
					},
					"position": {
						"0.0": [0, 0, 0],
						"0.2333": [0, -1, 0.99],
						"0.4833": [0, -4, 2],
						"0.7667": [0, -1.32, 0.93],
						"1.0": [0, 0, 0],
						"1.2833": [0, 2.01, 0],
						"1.5167": [0, -4, 0],
						"2.0333": [0, 0, 0]
					}
				},
				"leg3a": {
					"rotation": {
						"0.0": [0, 0, 0],
						"0.5167": [-45, 0, 0],
						"1.0": [0, 0, 0],
						"1.5167": [45, 0, 0],
						"2.0333": [0, 0, 0]
					},
					"position": {
						"1.0": [0, 0, 0],
						"1.5167": [0, 1, 1],
						"2.0333": [0, 0, 0]
					}
				},
				"leg2": {
					"rotation": {
						"0.0": [0, 0, 0],
						"0.4833": [45, 0, 0],
						"1.0": [0, 0, 0],
						"1.2833": [-47.35, 0, 0],
						"1.5167": [-45, 0, 0],
						"2.0333": [0, 0, 0]
					},
					"position": {
						"0.0": [0, 0, 0],
						"0.2333": [0, -2, 0],
						"0.4833": [0, -5, 0],
						"0.7167": [0, -2.51, 0],
						"1.0": [0, 0, 0],
						"1.2833": [0, -0.79, 2.71],
						"1.5167": [0, -7, 5],
						"1.8": [0, -1.16, 2.26],
						"2.0333": [0, 0, 0]
					}
				},
				"leg2a": {
					"rotation": {
						"0.0": [0, 0, 0],
						"0.4833": [-45, 0, 0],
						"1.0": [0, 0, 0],
						"1.5167": [45, 0, 0],
						"2.0333": [0, 0, 0]
					},
					"position": {
						"0.0": [0, 0, 0],
						"0.4833": [0, 1, -1],
						"1.0": [0, 0, 0],
						"1.5167": [0, 1, 0],
						"2.0333": [0, 0, 0]
					}
				},
				"leg1": {
					"rotation": {
						"0.0": [0, 0, 0],
						"0.2333": [-47.35, 0, 0],
						"0.4833": [-45, 0, 0],
						"1.0": [0, 0, 0],
						"1.5167": [45, 0, 0],
						"2.0333": [0, 0, 0]
					},
					"position": {
						"0.0": [0, 0, 0],
						"0.2333": [0, 0.52, 2.48],
						"0.4833": [0, -7, 5],
						"0.7667": [0, -1.25, 2.32],
						"1.0": [0, 0, 0],
						"1.2833": [0, -1.71, 0],
						"1.5167": [0, -5, 0],
						"1.7667": [0, -1.65, 0],
						"2.0333": [0, 0, 0]
					}
				},
				"leg1a": {
					"rotation": {
						"0.0": [0, 0, 0],
						"0.4833": [45, 0, 0],
						"1.0": [0, 0, 0],
						"1.5167": [-45, 0, 0],
						"2.0333": [0, 0, 0]
					},
					"position": {
						"0.0": [0, 0, 0],
						"0.4833": [0, 1, 0],
						"1.0": [0, 0, 0],
						"1.5167": [0, 1, -2],
						"2.0333": [0, 0, 0]
					}
				},
				"tail3": {
					"rotation": {
						"0.0": [0, 0, 0],
						"0.4833": [0, 10, 0],
						"1.0": [0, 0, 0],
						"1.5167": [0, -10, 0],
						"2.0333": [0, 0, 0]
					}
				},
				"tail4": {
					"rotation": {
						"0.0": [0, 0, 0],
						"0.4833": [0, 15, 0],
						"1.0": [0, 0, 0],
						"1.5167": [0, -15, 0],
						"2.0333": [0, 0, 0]
					},
					"position": {
						"0.0": [0, 0, 0],
						"0.4833": [1, 0, 0],
						"1.0": [0, 0, 0],
						"1.5167": [-1, 0, 0],
						"2.0333": [0, 0, 0]
					}
				},
				"one": {
					"position": {
						"0.0": [0, 0, 0],
						"1.0": [0, -4, 0],
						"2.0333": [0, 0, 0]
					}
				}
			}
		}
	}
}