{
	"format_version": "1.8.0",
	"animations": {
		"animation.estrutiomimo.setup": {
			"loop": true,
			"animation_length": 4,
			"bones": {
				"bodyb": {
					"rotation": [0, 0, 0],
					"position": [0, 0, 0]
				},
				"tail": {
					"rotation": {
						"0.0": [0, 0, 0],
						"1.9667": [-5, 0, 0],
						"4.0": [0, 0, 0]
					},
					"position": {
						"0.0": [0, 0, 0],
						"1.9667": [0, -2, 0],
						"4.0": [0, 0, 0]
					}
				},
				"body": {
					"position": {
						"0.0": [0, 0, 0],
						"1.9667": [0, -2, 0],
						"4.0": [0, 0, 0]
					}
				},
				"head": {
					"position": {
						"0.0": [0, 0, 0],
						"1.9667": [0, -2, 0],
						"4.0": [0, 0, 0]
					}
				},
				"leg4": {
					"rotation": {
						"0.0": [0, 0, 0],
						"1.9667": [5, 0, 0],
						"4.0": [0, 0, 0]
					}
				}
			}
		},
		"animation.estrutiomimo.walk": {
			"loop": true,
			"animation_length": 2.0833,
			"bones": {
				"tail": {
					"rotation": {
						"0.0": [0, 0, 0],
						"0.4833": [0, 5, 0],
						"1.0": [5, 0, 0],
						"1.5667": [0, -5, 0],
						"2.0833": [0, 0, 0]
					},
					"position": {
						"0.0": [0, 0, 0],
						"1.0": [0, -3, -2],
						"2.0833": [0, 0, 0]
					}
				},
				"tail2": {
					"rotation": {
						"0.0": [0, 0, 0],
						"0.4833": [0, 15, 0],
						"1.0": [0, 0, 0],
						"1.5667": [0, -19.24, 0],
						"2.0833": [0, 0, 0]
					},
					"position": {
						"0.0": [0, 0, 0],
						"0.4833": [9, 0, -1],
						"1.0": [0, 0, 0],
						"1.5667": [-9, 0, 0],
						"2.0833": [0, 0, 0]
					}
				},
				"tail3": {
					"rotation": {
						"0.0": [0, 0, 0],
						"0.4833": [0, 10, 0],
						"1.0": [0, 0, 0],
						"1.5667": [0, -10, 0],
						"2.0833": [0, 0, 0]
					},
					"position": {
						"0.0": [0, 0, 0],
						"0.4833": [0, 0, 0],
						"1.0": [0, 0, 0],
						"1.5667": [0, 0, 0],
						"2.0833": [0, 0, 0]
					}
				},
				"tail4": {
					"rotation": {
						"0.0": [0, 0, 0],
						"0.4833": [0, 15, 0],
						"1.0": [0, 0, 0],
						"1.5667": [0, -15, 0],
						"2.0833": [0, 0, 0]
					},
					"position": {
						"0.0": [0, 0, 0],
						"0.4833": [2, 0, -1],
						"1.0": [0, 0, 0],
						"1.5667": [-2, 0, 1],
						"2.0833": [0, 0, 0]
					}
				},
				"bodyb": {
					"rotation": {
						"0.0": [0, 0, 0],
						"1.0": [5, 0, 0],
						"2.0833": [0, 0, 0]
					}
				},
				"head": {
					"position": {
						"0.0": [0, 0, 0],
						"1.0": [0, -3, 0],
						"2.0833": [0, 0, 0]
					}
				},
				"body": {
					"position": {
						"0.0": [0, 0, 0],
						"1.0": [0, -3, 0],
						"2.0833": [0, 0, 0]
					}
				},
				"leg4": {
					"position": {
						"0.0": [0, 0, 0],
						"1.0": [0, -4, 0],
						"2.0833": [0, 0, 0]
					}
				},
				"leg2": {
					"rotation": {
						"0.0": [0, 0, 0],
						"0.2333": [-37.5, 0, 0],
						"0.4833": [-45, 0, 0],
						"0.7167": [-34.39, 0, 0],
						"1.0": [0, 0, 0],
						"1.5667": [45, 0, 0],
						"2.0833": [0, 0, 0]
					},
					"position": {
						"0.0": [0, 0, 0],
						"0.2333": [0, 2.5, 0],
						"0.4833": [0, -7, 0],
						"0.7167": [0, -4.79, 0],
						"0.8833": [0, -1.48, 0],
						"1.0": [0, 0, 0],
						"1.2833": [0, -1.5, 0],
						"1.5667": [0, -5, 0],
						"1.8333": [0, -1.31, 0],
						"2.0833": [0, 0, 0]
					}
				},
				"leg2a": {
					"rotation": {
						"0.0": [0, 0, 0],
						"0.4833": [75, 0, 0],
						"0.8833": [12.42, 0, 0],
						"1.0": [0, 0, 0],
						"1.5667": [-50, 0, 0],
						"2.0833": [0, 0, 0]
					},
					"position": {
						"0.0": [0, 0, 0],
						"0.4833": [0, 1, 0],
						"1.0": [0, 0, 0],
						"1.5667": [0, 2, -2],
						"2.0833": [0, 0, 0]
					}
				},
				"leg1": {
					"rotation": {
						"0.0": [0, 0, 0],
						"0.4833": [45, 0, 0],
						"1.0": [0, 0, 0],
						"1.2833": [-37.5, 0, 0],
						"1.5667": [-45, 0, 0],
						"1.8333": [-31.19, 0, 0],
						"2.0833": [0, 0, 0]
					},
					"position": {
						"0.0": [0, 0, 0],
						"0.2333": [0, -2, 0],
						"0.4833": [0, -5, 0],
						"0.7167": [0, -2.23, 0],
						"1.0": [0, 0, 0],
						"1.2833": [0, 2.5, 0],
						"1.5667": [0, -7, 0],
						"1.8333": [0, -5.77, 0],
						"1.9667": [0, -1.6, 0],
						"2.0833": [0, 0, 0]
					}
				},
				"leg1a": {
					"rotation": {
						"0.0": [0, 0, 0],
						"0.4833": [-50, 0, 0],
						"1.0": [0, 0, 0],
						"1.5667": [75, 0, 0],
						"1.9167": [18.71, 0, 0],
						"2.0833": [0, 0, 0]
					},
					"position": {
						"0.0": [0, 0, 0],
						"0.2333": [0, 1.6, -0.99],
						"0.4833": [0, 2, -2],
						"1.0": [0, 0, 0],
						"1.5667": [0, 1, 0],
						"2.0833": [0, 0, 0]
					}
				},
				"tail5": {
					"rotation": {
						"0.0": [0, 0, 0],
						"0.4833": [0, 15, 0],
						"1.0": [0, 0, 0],
						"1.5667": [0, -15, 0],
						"2.0833": [0, 0, 0]
					},
					"position": {
						"0.0": [0, 0, 0],
						"0.4833": [5, 0, 0],
						"1.0": [0, 0, 0],
						"1.5667": [-5, 0, 2],
						"2.0833": [0, 0, 0]
					}
				}
			}
		},
		"animation.estrutiomimo.delayed_attacking": {
			"animation_length": 0.4833,
			"bones": {
				"body": {
					"rotation": {
						"0.0": [0, 0, 0],
						"0.2333": [15, 0, 0]
					}
				},
				"tail": {
					"rotation": {
						"0.0": [0, 0, 0],
						"0.2333": [0, 0, 0]
					},
					"position": {
						"0.0": [0, 0, 0],
						"0.2333": [0, 3, -2]
					}
				},
				"leg5": {
					"rotation": {
						"0.0": [0, 0, 0],
						"0.2333": [-45, 0, 0]
					}
				},
				"leg4": {
					"rotation": {
						"0.0": [0, 0, 0],
						"0.2333": [-45, 0, 0]
					}
				},
				"head": {
					"rotation": {
						"0.0": [0, 0, 0],
						"0.2333": [10, 0, 0]
					},
					"position": {
						"0.0": [0, 0, 0],
						"0.2333": [0, -6, -7]
					}
				},
				"head3": {
					"rotation": {
						"0.2333": [0, 0, 0],
						"0.3667": [60, 0, 0],
						"0.4833": [0, 0, 0]
					}
				}
			}
		}
	}
}