{
	"format_version": "1.8.0",
	"animations": {
		"animation.gigantoraptor.setup": {
			"loop": true,
			"animation_length": 4,
			"bones": {
				"bodyb": {
					"rotation": [0, 0, 0],
					"position": [0, 0, 0]
				},
				"tail": {
					"rotation": {
						"0.0": [0, 0, 0],
						"1.9667": [-5, 0, 0],
						"4.0": [0, 0, 0]
					},
					"position": {
						"0.0": [0, 0, 0],
						"1.9667": [0, -3, 0],
						"4.0": [0, 0, 0]
					}
				},
				"body": {
					"position": {
						"0.0": [0, 0, 0],
						"1.9667": [0, -3, 0],
						"4.0": [0, 0, 0]
					}
				},
				"head": {
					"position": {
						"0.0": [0, 0, 0],
						"1.9667": [0, -3, 0],
						"4.0": [0, 0, 0]
					}
				},
				"arm1": {
					"rotation": {
						"0.0": [0, 0, 0],
						"1.9667": [-10, 0, 0],
						"4.0": [0, 0, 0]
					}
				},
				"arm2": {
					"rotation": {
						"0.0": [0, 0, 0],
						"1.9667": [-10, 0, 0],
						"4.0": [0, 0, 0]
					}
				}
			}
		},
		"animation.gigantoraptor.walk": {
			"loop": true,
			"animation_length": 1.9667,
			"bones": {
				"tail": {
					"rotation": {
						"0.0": [0, 0, 0],
						"0.4833": [0, 15, 0],
						"0.9667": [0, 0, 0],
						"1.4333": [0, -15, 0],
						"1.9667": [0, 0, 0]
					},
					"position": {
						"0.0": [0, 0, 0],
						"0.9667": [0, -3, 0],
						"1.9667": [0, 0, 0]
					}
				},
				"head": {
					"rotation": {
						"0.0": [0, 0, 0],
						"0.9667": [15, 0, 0],
						"1.9667": [0, 0, 0]
					},
					"position": {
						"0.0": [0, 0, 0],
						"0.9667": [0, -3, 0],
						"1.9667": [0, 0, 0]
					}
				},
				"leg0": {
					"rotation": {
						"0.0": [0, 0, 0],
						"0.2333": [-27.35, 0, 0],
						"0.4833": [-45, 0, 0],
						"0.7167": [-27.97, 0, 0],
						"0.9667": [0, 0, 0],
						"1.4333": [45, 0, 0],
						"1.9667": [0, 0, 0]
					},
					"position": {
						"0.0": [0, 0, 0],
						"0.2333": [0, 2.5, 0],
						"0.4833": [0, -9, 0],
						"0.9667": [0, 0, 0],
						"1.2": [0, -1, 0],
						"1.4333": [0, -7, 0],
						"1.7167": [0, -1.23, 0],
						"1.9667": [0, 0, 0]
					}
				},
				"leg1": {
					"rotation": {
						"0.0": [0, 0, 0],
						"0.2333": [22.35, 0, 0],
						"0.4833": [45, 0, 0],
						"0.9667": [0, 0, 0],
						"1.2": [-27.5, 0, 0],
						"1.4333": [-45, 0, 0],
						"1.6833": [-29.19, 0, 0],
						"1.9667": [0, 0, 0]
					},
					"position": {
						"0.0": [0, 0, 0],
						"0.2333": [0, -1, 0],
						"0.4833": [0, -7, 0],
						"0.7167": [0, -1.5, 0],
						"0.9667": [0, 0, 0],
						"1.2": [0, 2.5, 0],
						"1.4333": [0, -9, 0],
						"1.9667": [0, 0, 0]
					}
				},
				"arm1": {
					"rotation": {
						"0.0": [0, 0, 0],
						"0.9667": [-60, 0, 0],
						"1.9667": [0, 0, 0]
					}
				},
				"arm2": {
					"rotation": {
						"0.0": [0, 0, 0],
						"0.9667": [-60, 0, 0],
						"1.9667": [0, 0, 0]
					}
				},
				"body": {
					"position": {
						"0.0": [0, 0, 0],
						"0.9667": [0, -3, 0],
						"1.9667": [0, 0, 0]
					}
				},
				"leg0c": {
					"rotation": {
						"0.0": [0, 0, 0],
						"0.4833": [90, 0, 0],
						"0.9667": [0, 0, 0],
						"1.4333": [-50, 0, 0],
						"1.9667": [0, 0, 0]
					},
					"position": {
						"0.0": [0, 0, 0],
						"0.4833": [0, -2, 3],
						"0.9667": [0, 0, 0],
						"1.4333": [0, 3, -2],
						"1.9667": [0, 0, 0]
					}
				},
				"leg1c": {
					"rotation": {
						"0.0": [0, 0, 0],
						"0.4833": [-50, 0, 0],
						"0.9667": [0, 0, 0],
						"1.4333": [90, 0, 0],
						"1.9667": [0, 0, 0]
					},
					"position": {
						"0.0": [0, 0, 0],
						"0.4833": [0, 2, -2],
						"0.9667": [0, 0, 0],
						"1.4333": [0, -2, 3],
						"1.9667": [0, 0, 0]
					}
				}
			}
		},
		"animation.gigantoraptor.baby_transform": {
			"loop": true,
			"bones": {
				"head1": {
					"position": [0, -93, 51],
					"scale": [2.1, 2.3, 2.2]
				}
			}
		},
		"animation.gigantoraptor.delayed_attacking": {
			"animation_length": 0.7667,
			"bones": {
				"bodyb": {
					"rotation": [0, 0, 0],
					"position": {
						"0.0": [0, 0, 0],
						"0.2833": [0, -7, 0],
						"0.7667": [0, 0, 0]
					}
				},
				"head": {
					"rotation": {
						"0.0": [0, 0, 0],
						"0.2833": [50, 0, 0],
						"0.7667": [0, 0, 0]
					},
					"position": {
						"0.0": [0, 0, 0],
						"0.2833": [0, 0, 0],
						"0.7667": [0, 0, 0]
					}
				},
				"head1": {
					"rotation": {
						"0.0": [0, 0, 0],
						"0.2833": [-50, 0, 0],
						"0.7667": [0, 0, 0]
					},
					"position": {
						"0.0": [0, 0, 0],
						"0.1167": [0, -10, -29.57],
						"0.2167": [0, -11.19, -53.39],
						"0.2833": [0, -8, -68],
						"0.4": [0, -12, -51],
						"0.5167": [0, -12, -34],
						"0.6333": [0, -8, -17],
						"0.7667": [0, 0, 0]
					}
				},
				"leg0c": {
					"position": {
						"0.0": [0, 0, 0],
						"0.2833": [0, 7, 0],
						"0.7667": [0, 0, 0]
					}
				},
				"leg1c": {
					"position": {
						"0.0": [0, 0, 0],
						"0.2833": [0, 7, 0],
						"0.7667": [0, 0, 0]
					}
				},
				"arm1": {
					"rotation": {
						"0.0": [0, 0, 0],
						"0.2833": [-80, 20, 0],
						"0.7667": [0, 0, 0]
					},
					"position": [0, 0, 0]
				},
				"arm2": {
					"rotation": {
						"0.0": [0, 0, 0],
						"0.2833": [-80, -20, 0],
						"0.7667": [0, 0, 0]
					},
					"position": [0, 0, 0]
				}
			}
		}
	}
}