{
	"format_version": "1.8.0",
	"animations": {
		"animation.iguanodon.sit": {
			"loop": true,
			"animation_length": 0.6,
			"bones": {
				"bodyb": {
					"rotation": [-20, 0, 0]
				},
				"tail": {
					"position": [0, 8, -1]
				},
				"body": {
					"rotation": [0, 0, 0],
					"position": [0, 8, -2]
				},
				"head": {
					"rotation": [15, 0, 0]
				},
				"eat": {
					"rotation": [0, 0, 0]
				},
				"leg0": {
					"rotation": [20, 0, 0],
					"position": [0, 4, -2]
				},
				"leg2": {
					"rotation": [20, 0, 0],
					"position": [0, 4, -2]
				},
				"arm1": {
					"rotation": [25, 0, 0],
					"position": [0, 10, -1]
				},
				"arm1b": {
					"rotation": [20, 0, 0],
					"position": [0, 1, 1]
				},
				"arm2": {
					"rotation": [20, 0, 0],
					"position": [0, 10, -1]
				},
				"arm1b2": {
					"rotation": [20, 0, 0],
					"position": [0, 1, 1]
				}
			}
		}
	}
}