{
	"format_version": "1.8.0",
	"animations": {
		"animation.indoraptor.walk": {
			"loop": true,
			"animation_length": 2.24,
			"bones": {
				"tail": {
					"rotation": {
						"0.0": [0, 0, 0],
						"0.5167": [0, 10, 0],
						"1.0333": [5, 0, 0],
						"1.6": [0, -10, 0],
						"2.2333": [0, 0, 0]
					},
					"position": {
						"0.0": [0, 0, 0],
						"1.0333": [0, 0, 0],
						"2.2333": [0, 0, 0]
					}
				},
				"tail2": {
					"rotation": {
						"0.0": [0, 0, 0],
						"0.4833": [0, 5, 0],
						"1.0": [0, 0, 0],
						"1.5167": [0, -5, 0],
						"2.0833": [0, 0, 0]
					},
					"position": {
						"0.0": [0, 0, 0],
						"1.0": [0, 0, 0]
					}
				},
				"tail3": {
					"rotation": {
						"0.0": [0, 0, 0],
						"0.4833": [0, 10, 0],
						"1.0": [0, 0, 0],
						"1.5667": [0, -10, 0],
						"2.0833": [0, 0, 0]
					},
					"position": {
						"0.0": [0, 0, 0],
						"0.4833": [1, 0, 0],
						"1.0": [0, 0, 0],
						"1.5667": [-1, 0, 1],
						"2.0833": [0, 0, 0]
					}
				},
				"tail4": {
					"rotation": {
						"0.0": [0, 0, 0],
						"0.4833": [0, 15, 0],
						"1.0": [0, 0, 0],
						"1.5667": [0, -15, 0],
						"2.0833": [0, 0, 0]
					},
					"position": {
						"0.0": [0, 0, 0],
						"0.4833": [2, 0, -2],
						"1.0": [0, 0, 0],
						"1.5667": [-2, 0, -1],
						"2.0833": [0, 0, 0]
					}
				},
				"tail5": {
					"rotation": {
						"0.0": [0, 0, 0],
						"0.4833": [0, 20, 0],
						"1.0": [0, 0, 0],
						"1.5667": [0, -20, 0],
						"2.0833": [0, 0, 0]
					},
					"position": {
						"0.0": [0, 0, 0],
						"0.4833": [5, 0, -5],
						"1.0": [0, 0, 0],
						"1.5667": [-6, 0, -1],
						"2.0833": [0, 0, 0]
					}
				},
				"bodyb": {
					"rotation": {
						"0.0": [0, 0, 0],
						"1.0833": [5, 0, 0],
						"2.2333": [0, 0, 0]
					}
				},
				"head": {
					"rotation": {
						"0.0": [0, 0, 0],
						"1.0": [-10, 0, 0],
						"2.0833": [0, 0, 0]
					},
					"position": {
						"0.0": [0, 0, 0],
						"1.0": [0, 0, 0],
						"2.0833": [0, 0, 0]
					}
				},
				"body": {
					"position": {
						"0.0": [0, 0, 0],
						"1.0": [0, -5, 0],
						"2.0833": [0, 0, 0]
					}
				},
				"leg4": {
					"rotation": {
						"0.6333": [-5, 0, 0],
						"1.9667": [-5, 0, 0],
						"2.2333": [0, 0, 0]
					},
					"position": {
						"0.0": [0, 0, 0],
						"0.4": [0, 0.68, 0.63],
						"0.6333": [0, 0, 1],
						"0.9667": [0, 1.98, 1.49],
						"1.3167": [0, 0.5, 2.04],
						"1.9667": [0, -0.5, 3],
						"2.2333": [0, 0, 0]
					}
				},
				"leg4c": {
					"rotation": {
						"0.4333": [0, 0, 0],
						"0.6333": [-95, -25, 0],
						"2.0333": [-95, -25, 0],
						"2.2333": [0, 0, 0]
					},
					"position": {
						"0.4333": [0, 0, 0],
						"0.6333": [0, -1.3, 0],
						"2.0333": [0, -1.3, 0],
						"2.2333": [0, 0, 0]
					}
				},
				"leg4d": {
					"rotation": {
						"0.4333": [0, 0, 0],
						"0.6333": [-100, 20, -25],
						"2.0333": [-100, 20, -25],
						"2.2333": [0, 0, 0]
					},
					"position": {
						"0.4333": [0, 0, 0],
						"0.6333": [0.3, -0.7, 1],
						"2.0333": [0.3, -0.7, 1],
						"2.2333": [0, 0, 0]
					}
				},
				"leg4e": {
					"rotation": {
						"0.4333": [0, 0, 0],
						"0.6333": [-90, 0, -20],
						"2.0333": [-90, 0, -20],
						"2.2333": [0, 0, 0]
					},
					"position": {
						"0.4333": [0, 0, 0],
						"2.0333": [0, 0, 0],
						"2.2333": [0, 0, 0]
					}
				},
				"leg3": {
					"rotation": {
						"0.6333": [-5, 0, 0],
						"1.9667": [-5, 0, 0],
						"2.2333": [0, 0, 0]
					},
					"position": {
						"0.0": [0, 0, 0],
						"0.4": [0, 0.53, 0.63],
						"0.6333": [0, 0, 1],
						"0.9667": [0, 1.98, 1.49],
						"1.3167": [0, 0.5, 2.04],
						"1.9667": [0, -0.5, 3],
						"2.2333": [0, 0, 0]
					}
				},
				"leg3c": {
					"rotation": {
						"0.4333": [0, 0, 0],
						"0.6333": [-95, 25, 0],
						"2.0333": [-95, 25, 0],
						"2.2333": [0, 0, 0]
					},
					"position": {
						"0.4333": [0, 0, 0],
						"0.6333": [0, -1.3, 0],
						"2.0333": [0, -1.3, 0],
						"2.2333": [0, 0, 0]
					}
				},
				"leg3d": {
					"rotation": {
						"0.4333": [0, 0, 0],
						"0.6333": [-100, -20, 25],
						"2.0333": [-100, -20, 25],
						"2.2333": [0, 0, 0]
					},
					"position": {
						"0.4333": [0, 0, 0],
						"0.6333": [-0.3, -0.7, 1],
						"2.0333": [-0.3, -0.7, 1],
						"2.2333": [0, 0, 0]
					}
				},
				"leg3e": {
					"rotation": {
						"0.4333": [0, 0, 0],
						"0.6333": [-90, 0, 20],
						"2.0333": [-90, 0, 20],
						"2.2333": [0, 0, 0]
					},
					"position": {
						"0.4333": [0, 0, 0],
						"2.0333": [0, 0, 0],
						"2.2333": [0, 0, 0]
					}
				},
				"leg2": {
					"rotation": {
						"0.0": [0, 0, 0],
						"0.2333": [-42.5, 0, 0],
						"0.4833": [-55, 0, 0],
						"0.7167": [-34.39, 0, 0],
						"1.0": [0, 0, 0],
						"1.5667": [45, 0, 0],
						"2.2333": [0, 0, 0]
					},
					"position": {
						"0.0": [0, 0, 0],
						"0.2333": [0, -1.5, 1],
						"0.4833": [0, -8, 0],
						"0.7167": [0, -2.17, 0],
						"1.0": [0, 0, 0],
						"1.2833": [0, -1.5, 1],
						"1.5667": [0, -4, 0],
						"1.9167": [0, -0.31, 0],
						"2.2333": [0, 0, 0]
					}
				},
				"leg2a": {
					"rotation": {
						"0.0": [0, 0, 0],
						"0.4833": [110, 0, 0],
						"1.0": [0, 0, 0],
						"1.5667": [-50, 0, 0],
						"2.0833": [0, 0, 0]
					},
					"position": {
						"1.0": [0, 0, 0],
						"1.5667": [0, 0, -2],
						"2.0833": [0, 0, 0]
					}
				},
				"leg1": {
					"rotation": {
						"0.0": [0, 0, 0],
						"0.4833": [45, 0, 0],
						"1.0": [0, 0, 0],
						"1.2833": [-42.5, 0, 0],
						"1.5667": [-50, 0, 0],
						"1.9167": [-31.19, 0, 0],
						"2.2333": [0, 0, 0]
					},
					"position": {
						"0.0": [0, 0, 0],
						"0.2333": [0, -2, 0],
						"0.4833": [0, -4, 0],
						"0.7167": [0, -2.23, 0],
						"1.0": [0, 0, 0],
						"1.2833": [0, -1.5, 1],
						"1.5667": [0, -4, 0],
						"2.2333": [0, 0, 0]
					}
				},
				"leg1a": {
					"rotation": {
						"0.0": [0, 0, 0],
						"0.4833": [-50, 0, 0],
						"1.0": [0, 0, 0],
						"1.5667": [110, 0, 0],
						"2.0833": [0, 0, 0]
					},
					"position": {
						"0.0": [0, 0, 0],
						"0.4833": [0, 1, -2],
						"1.0": [0, 0, 0]
					}
				},
				"leg2f": {
					"position": {
						"0.0": [0, 0, 0],
						"1.0": [0, -2, 0],
						"2.0833": [0, 0, 0]
					}
				},
				"leg1f": {
					"position": {
						"0.0": [0, 0, 0],
						"1.0": [0, -2, 0],
						"2.0833": [0, 0, 0]
					}
				}
			}
		},
		"animation.indoraptor.setup": {
			"loop": true,
			"animation_length": 4,
			"bones": {
				"bodyb": {
					"rotation": [0, 0, 0],
					"position": [0, 0, 0]
				},
				"tail": {
					"rotation": {
						"0.0": [0, 0, 0],
						"1.9667": [-5, 0, 0],
						"4.0": [0, 0, 0]
					},
					"position": {
						"0.0": [0, 0, 0],
						"1.9667": [0, -1, 1],
						"4.0": [0, 0, 0]
					}
				},
				"head": {
					"position": {
						"0.0": [0, 0, 0],
						"1.9667": [0, 0, 0],
						"4.0": [0, 0, 0]
					}
				},
				"body": {
					"position": {
						"0.0": [0, 0, 0],
						"1.9667": [0, -2, 0],
						"4.0": [0, 0, 0]
					}
				},
				"leg4": {
					"rotation": {
						"0.0": [0, 0, 0],
						"1.9667": [10, 0, 0],
						"4.0": [0, 0, 0]
					},
					"position": {
						"0.0": [0, 0, 0],
						"1.9667": [0, 0, 1],
						"4.0": [0, 0, 0]
					}
				},
				"leg3": {
					"rotation": {
						"0.0": [0, 0, 0],
						"1.9667": [10, 0, 0],
						"4.0": [0, 0, 0]
					},
					"position": {
						"0.0": [0, 0, 0],
						"1.9667": [0, 0, 1],
						"4.0": [0, 0, 0]
					}
				},
				"leg2b": {
					"rotation": {
						"0.0": [0, 0, 0],
						"1.9667": [25, 0, 0],
						"4.0": [0, 0, 0]
					}
				},
				"leg1b": {
					"rotation": {
						"0.0": [0, 0, 0],
						"1.9667": [25, 0, 0],
						"4.0": [0, 0, 0]
					}
				}
			}
		},
		"animation.indoraptor.delayed_attacking": {
			"animation_length": 0.8,
			"bones": {
				"bodyb": {
					"rotation": {
						"0.0": [0, 0, 0],
						"0.4833": [25, 0, 0],
						"0.8": [0, 0, 0]
					},
					"position": {
						"0.0": [0, 0, 0],
						"0.4833": [0, 0, 5],
						"0.8": [0, 0, 0]
					}
				},
				"head": {
					"rotation": {
						"0.0": [0, 0, 0],
						"0.4833": [-45, 0, -30],
						"0.8": [0, 0, 0]
					}
				},
				"head2": {
					"rotation": [0, 0, 0]
				},
				"head4": {
					"rotation": {
						"0.0": [0, 0, 0],
						"0.4833": [60, 0, 0],
						"0.8": [0, 0, 0]
					},
					"position": {
						"0.0": [0, 0, 0],
						"0.4833": [0, 1, 0],
						"0.8": [0, 0, 0]
					}
				},
				"leg4": {
					"rotation": {
						"0.0": [0, 0, 0],
						"0.4833": [-95, 15, 45],
						"0.8": [0, 0, 0]
					},
					"position": {
						"0.0": [0, 0, 0],
						"0.4833": [0, 0, -4],
						"0.8": [0, 0, 0]
					}
				},
				"leg3": {
					"rotation": {
						"0.0": [0, 0, 0],
						"0.4833": [-95, -15, -45],
						"0.8": [0, 0, 0]
					},
					"position": {
						"0.0": [0, 0, 0],
						"0.4833": [0, 0, -4],
						"0.8": [0, 0, 0]
					}
				},
				"leg2": {
					"rotation": {
						"0.0": [0, 0, 0],
						"0.4833": [-25, 0, 0],
						"0.8": [0, 0, 0]
					},
					"position": {
						"0.0": [0, 0, 0],
						"0.4833": [0, 0, -2],
						"0.8": [0, 0, 0]
					}
				},
				"leg2f": {
					"rotation": {
						"0.0": [0, 0, 0],
						"0.4833": [-30, 0, 0],
						"0.8": [0, 0, 0]
					},
					"position": {
						"0.0": [0, 0, 0],
						"0.4833": [0, 3, 0],
						"0.8": [0, 0, 0]
					}
				},
				"leg1": {
					"rotation": {
						"0.0": [0, 0, 0],
						"0.4833": [-25, 0, 0],
						"0.8": [0, 0, 0]
					},
					"position": {
						"0.0": [0, 0, 0],
						"0.4833": [0, -3, 5],
						"0.8": [0, 0, 0]
					}
				},
				"leg1b": {
					"rotation": {
						"0.0": [0, 0, 0],
						"0.1667": [55, 0, 0],
						"0.3167": [0, 0, 0],
						"0.4833": [55, 0, 0],
						"0.6333": [0, 0, 0],
						"0.7667": [55, 0, 0],
						"0.8": [0, 0, 0]
					}
				},
				"leg1f": {
					"rotation": {
						"0.0": [0, 0, 0],
						"0.4833": [25, 0, 0]
					},
					"position": {
						"0.0": [0, 0, 0],
						"0.4833": [0, -2, 1]
					}
				}
			}
		},
		"animation.indoraptor.look_at_target": {
			"loop": true,
			"bones": {
				"head": {
					"rotation": ["query.target_x_rotation - this", "query.target_y_rotation - this", 0]
				}
			}
		},
		"animation.indoraptor.wiggle": {
			"loop": true,
			"animation_length": 3.48,
			"bones": {
				"body": {
					"rotation": [-30, 0, 0]
				},
				"head": {
					"rotation": {
						"0.0": [30, 0, 0],
						"0.2333": [30, 0, 0],
						"0.4833": [30, 25, 45],
						"1.1667": [30, 25, 45],
						"1.4": [30, 0, 0],
						"1.9167": [30, 0, 0],
						"2.2333": [30, -25, -45],
						"3.1667": [30, -25, -45],
						"3.4833": [30, 0, 0]
					}
				},
				"head4": {
					"rotation": {
						"2.2333": [0, 0, 0],
						"2.4": [50, 0, 0],
						"3.1667": [0, 0, 0]
					}
				},
				"leg3": {
					"rotation": [20, 0, 0]
				},
				"leg4": {
					"rotation": [20, 0, 0]
				}
			}
		}
	}
}