{
	"format_version": "1.8.0",
	"animations": {
		"animation.laelly.walk": {
			"loop": true,
			"animation_length": 2.0833,
			"bones": {
				"tail": {
					"rotation": {
						"0.0": [0, 0, 0],
						"0.4833": [0, 5, 0],
						"1.0": [5, 0, 0],
						"1.5667": [0, -5, 0],
						"2.0833": [0, 0, 0]
					},
					"position": {
						"0.0": [0, 0, 0],
						"1.0": [0, -3, -2],
						"2.0833": [0, 0, 0]
					}
				},
				"tail2": {
					"rotation": {
						"0.0": [0, 0, 0],
						"0.4833": [0, 10, 0],
						"1.0": [0, 0, 0],
						"1.5167": [0, -10, 0],
						"2.0833": [0, 0, 0]
					},
					"position": {
						"0.0": [0, 0, 0],
						"1.0": [0, 0, 0]
					}
				},
				"tail3": {
					"rotation": {
						"0.0": [0, 0, 0],
						"0.4833": [0, 10, 0],
						"1.0": [0, 0, 0],
						"1.5667": [0, -10, 0],
						"2.0833": [0, 0, 0]
					},
					"position": {
						"0.0": [0, 0, 0],
						"0.4833": [2, 0, 0],
						"1.0": [0, 0, 0],
						"1.5667": [-3, 0, 1],
						"2.0833": [0, 0, 0]
					}
				},
				"tail4": {
					"rotation": {
						"0.0": [0, 0, 0],
						"0.4833": [0, 15, 0],
						"1.0": [0, 0, 0],
						"1.5667": [0, -15, 0],
						"2.0833": [0, 0, 0]
					},
					"position": {
						"0.0": [0, 0, 0],
						"0.4833": [4, 0, -2],
						"1.0": [0, 0, 0],
						"1.5667": [-5, 0, -1],
						"2.0833": [0, 0, 0]
					}
				},
				"bodyb": {
					"rotation": {
						"0.0": [0, 0, 0],
						"1.0": [5, 0, 0],
						"2.0833": [0, 0, 0]
					}
				},
				"head": {
					"position": {
						"0.0": [0, 0, 0],
						"1.0": [0, -3, 0],
						"2.0833": [0, 0, 0]
					}
				},
				"body": {
					"position": {
						"0.0": [0, 0, 0],
						"1.0": [0, -3, 0],
						"2.0833": [0, 0, 0]
					}
				},
				"leg4": {
					"position": {
						"0.0": [0, 0, 0],
						"1.0": [0, -4, 0],
						"2.0833": [0, 0, 0]
					}
				},
				"leg3": {
					"position": {
						"0.0": [0, 0, 0],
						"1.0": [0, -4, 0],
						"2.0833": [0, 0, 0]
					}
				},
				"leg2": {
					"rotation": {
						"0.0": [0, 0, 0],
						"0.2333": [-37.5, 0, 0],
						"0.4833": [-45, 0, 0],
						"0.7167": [-34.39, 0, 0],
						"1.0": [0, 0, 0],
						"1.5667": [45, 0, 0],
						"2.0833": [0, 0, 0]
					},
					"position": {
						"0.0": [0, 0, 0],
						"0.2333": [0, 2.5, 0],
						"0.4833": [0, -5, 0],
						"1.0": [0, 0, 0],
						"1.2833": [0, -1.5, 0],
						"1.5667": [0, -5, 0],
						"1.8333": [0, -1.31, 0],
						"2.0833": [0, 0, 0]
					}
				},
				"leg2a": {
					"rotation": {
						"0.0": [0, 0, 0],
						"0.4833": [65, 0, 0],
						"1.0": [0, 0, 0],
						"1.5667": [-50, 0, 0],
						"2.0833": [0, 0, 0]
					},
					"position": {
						"0.0": [0, 0, 0],
						"0.4833": [0, 2, 2],
						"1.0": [0, 0, 0],
						"1.5667": [0, 2, -2],
						"2.0833": [0, 0, 0]
					}
				},
				"leg1": {
					"rotation": {
						"0.0": [0, 0, 0],
						"0.4833": [45, 0, 0],
						"1.0": [0, 0, 0],
						"1.2833": [-37.5, 0, 0],
						"1.5667": [-45, 0, 0],
						"1.8333": [-31.19, 0, 0],
						"2.0833": [0, 0, 0]
					},
					"position": {
						"0.0": [0, 0, 0],
						"0.2333": [0, -2, 0],
						"0.4833": [0, -5, 0],
						"0.7167": [0, -2.23, 0],
						"1.0": [0, 0, 0],
						"1.2833": [0, 2.5, 0],
						"1.5667": [0, -5, 0],
						"2.0833": [0, 0, 0]
					}
				},
				"leg1a": {
					"rotation": {
						"0.0": [0, 0, 0],
						"0.4833": [-50, 0, 0],
						"1.0": [0, 0, 0],
						"1.5667": [65, 0, 0],
						"2.0833": [0, 0, 0]
					},
					"position": {
						"0.0": [0, 0, 0],
						"0.2333": [0, 1.6, -0.99],
						"0.4833": [0, 2, -2],
						"1.0": [0, 0, 0],
						"1.5667": [0, 2, 2],
						"2.0833": [0, 0, 0]
					}
				}
			}
		},
		"animation.laelly.setup": {
			"loop": true,
			"animation_length": 4,
			"bones": {
				"bodyb": {
					"rotation": [0, 0, 0],
					"position": [0, 0, 0]
				},
				"tail": {
					"position": {
						"0.0": [0, 0, 0],
						"1.9667": [0, -2, 0],
						"4.0": [0, 0, 0]
					}
				},
				"head": {
					"rotation": [0, 0, 0],
					"position": {
						"0.0": [0, 0, 0],
						"1.9667": [0, -2, 0],
						"4.0": [0, 0, 0]
					}
				},
				"body": {
					"position": {
						"0.0": [0, 0, 0],
						"1.9667": [0, -2, 0],
						"4.0": [0, 0, 0]
					}
				},
				"leg4": {
					"rotation": {
						"0.0": [0, 0, 0],
						"1.9667": [10, 0, 0],
						"4.0": [0, 0, 0]
					},
					"position": {
						"0.0": [0, 0, 0],
						"1.9667": [0, -3, 0],
						"4.0": [0, 0, 0]
					}
				},
				"leg3": {
					"rotation": {
						"0.0": [0, 0, 0],
						"1.9667": [10, 0, 0],
						"4.0": [0, 0, 0]
					},
					"position": {
						"0.0": [0, 0, 0],
						"1.9667": [0, -3, 0],
						"4.0": [0, 0, 0]
					}
				}
			}
		}
	}
}