{
	"format_version": "1.8.0",
	"animations": {
		"animation.ludodactylus.fly": {
			"loop": true,
			"animation_length": 2,
			"bones": {
				"leg1": {
					"rotation": [60, 0, 0]
				},
				"leg1a": {
					"rotation": [65, 0, 0]
				},
				"leg2": {
					"rotation": [60, 0, 0]
				},
				"leg2a": {
					"rotation": [65, 0, 0]
				},
				"wing1": {
					"rotation": {
						"0.0": [0, 0, 70],
						"0.4833": [0, 0, 20],
						"1.0": [0, 0, 70],
						"1.4833": [0, 0, 125],
						"2.0": [0, 0, 70]
					},
					"position": [0, -3, -1]
				},
				"wing1e": {
					"rotation": [-90, 0, 0]
				},
				"wing2": {
					"rotation": {
						"0.0": [0, 0, -70],
						"0.4833": [0, 0, -20],
						"1.0": [0, 0, -70],
						"1.4833": [0, 0, -125],
						"2.0": [0, 0, -70]
					},
					"position": [0, -3, -1]
				},
				"wing2e": {
					"rotation": [-90, 0, 0]
				},
				"head": {
					"rotation": [-15, 0, 0]
				},
				"head3": {
					"rotation": {
						"0.0": [0, 0, 0],
						"1.0": [10, 0, 0],
						"2.0": [0, 0, 0]
					}
				},
				"bodyb": {
					"rotation": [15, 0, 0],
					"position": {
						"0.0": [0, 0, 4],
						"0.4833": [0, 4, 4],
						"1.0": [0, 0, 4],
						"1.4833": [0, -4, 4],
						"2.0": [0, 0, 4]
					}
				}
			}
		},
		"animation.ludodactylus.delayed_attacking": {
			"loop": false,
			"animation_length": 0.32,
			"bones": {
				"head3": {
					"rotation": {
						"0.0": [0, 0, 0],
						"0.1667": [40, 0, 0],
						"0.3167": [0, 0, 0]
					}
				}
			}
		},
		"animation.ludodactylus.walk": {
			"loop": true,
			"animation_length": 0.96,
			"bones": {
				"leg1": {
					"rotation": {
						"0.0": [0, 0, 0],
						"0.2333": [-60, 0, 0],
						"0.4833": [0, 0, 0],
						"0.7167": [60, 0, 0],
						"0.9667": [0, 0, 0]
					}
				},
				"leg2": {
					"rotation": {
						"0.0": [0, 0, 0],
						"0.2333": [60, 0, 0],
						"0.4833": [0, 0, 0],
						"0.7167": [-60, 0, 0],
						"0.9667": [0, 0, 0]
					}
				},
				"wing2": {
					"rotation": {
						"0.0": [0, 0, 0],
						"0.4833": [-30, 0, 0],
						"0.9667": [0, 0, 0]
					},
					"position": {
						"0.0": [0, 0, 0],
						"0.2333": [0, 0, 0],
						"0.4833": [0, -4, 0],
						"0.7167": [0, -3, 0],
						"0.9667": [0, 0, 0]
					}
				},
				"wing1": {
					"rotation": {
						"0.0": [0, 0, 0],
						"0.4833": [-30, 0, 0],
						"0.9667": [0, 0, 0]
					},
					"position": {
						"0.0": [0, 0, 0],
						"0.2333": [0, 0, 0],
						"0.4833": [0, -4, 0],
						"0.7167": [0, -3, 0],
						"0.9667": [0, 0, 0]
					}
				},
				"bodyb": {
					"rotation": {
						"0.0": [0, 0, 0],
						"0.4833": [5, 0, 0],
						"0.9667": [0, 0, 0]
					}
				}
			}
		}
	}
}