{
	"format_version": "1.8.0",
	"animations": {
		"animation.mamenquissauro.delayed_attacking": {
			"animation_length": 1.4,
			"bones": {
				"body": {
					"rotation": {
						"0.0": [15, 0, 0],
						"0.2": [-20, 0, 0],
						"0.5167": [-20, 0, 0],
						"1.0": [0, 0, 0],
						"1.4": [20, 0, 0]
					},
					"position": {
						"0.0": [0, -7, 2],
						"0.2": [0, 12, 2],
						"0.5167": [0, 12, 2],
						"1.0": [0, 0, 0],
						"1.4": [0, -5, 5]
					}
				},
				"head": {
					"rotation": {
						"0.0": [0, 0, 0],
						"0.2": [25, 0, 0],
						"0.5167": [45, 0, 0],
						"1.0": [0, 0, 0]
					}
				},
				"tail": {
					"rotation": [0, 0, 0],
					"position": [0, 1, 2]
				},
				"leg0": {
					"rotation": {
						"0.0": [0, 0, 0],
						"0.2": [-40, 0, 0],
						"0.5167": [-40, 0, 0],
						"1.0": [0, 0, 0]
					},
					"position": {
						"0.0": [0, 0, 0],
						"0.2": [0, 17, 5],
						"0.5167": [0, 17, 5],
						"1.0": [0, 0, 0]
					}
				},
				"leg0a": {
					"rotation": {
						"0.0": [35, 0, 0],
						"0.2": [0, 0, 0],
						"1.0": [0, 0, 0],
						"1.4": [40, 0, 0]
					},
					"position": {
						"0.0": [0, 0, 22],
						"0.2": [0, 0, 0],
						"1.0": [0, 0, 0],
						"1.4": [0, 5, 23]
					}
				},
				"leg0b": {
					"rotation": {
						"0.0": [0, 0, 0],
						"0.2": [25, 0, 0],
						"0.5167": [25, 0, 0],
						"1.0": [0, 0, 0]
					},
					"position": {
						"0.0": [0, 0, 0],
						"0.2": [0, 5, 18],
						"0.5167": [0, 5, 18],
						"1.0": [0, 0, 0]
					}
				},
				"leg1": {
					"rotation": {
						"0.0": [0, 0, 0],
						"0.2": [-40, 0, 0],
						"0.5167": [-40, 0, 0],
						"1.0": [0, 0, 0]
					},
					"position": {
						"0.0": [0, 0, 0],
						"0.2": [0, 13, 3],
						"0.5167": [0, 13, 3],
						"1.0": [0, 0, 0]
					}
				},
				"leg1a": {
					"rotation": {
						"0.0": [35, 0, 0],
						"0.2": [0, 0, 0],
						"1.0": [0, 0, 0],
						"1.4": [40, 0, 0]
					},
					"position": {
						"0.0": [0, 0, 22],
						"0.2": [0, 4, 0],
						"1.0": [0, 0, 0],
						"1.4": [0, 5, 23]
					}
				},
				"leg1b": {
					"rotation": {
						"0.0": [0, 0, 0],
						"0.2": [25, 0, 0],
						"0.5167": [25, 0, 0],
						"1.0": [0, 0, 0]
					},
					"position": {
						"0.0": [0, 0, 0],
						"0.2": [0, 9, 18],
						"0.5167": [0, 9, 18],
						"1.0": [0, 0, 0]
					}
				},
				"leg3": {
					"rotation": [0, 0, 0],
					"position": [0, 0, 0]
				},
				"leg2": {
					"rotation": [0, 0, 0],
					"position": [0, 0, 0]
				}
			}
		},
		"animation.mamenquissauro.look_at_target": {
			"loop": true,
			"bones": {
				"head3": {
					"rotation": ["query.target_x_rotation - this", "query.target_y_rotation - this", 0]
				}
			}
		}
	}
}