{
	"format_version": "1.8.0",
	"animations": {
		"animation.microceratus.walk": {
			"loop": true,
			"animation_length": 0.92,
			"bones": {
				"bodyb": {
					"rotation": {
						"0.0": [0, 0, 0],
						"0.4833": [10, 0, 0],
						"0.9167": [0, 0, 0]
					}
				},
				"head": {
					"position": {
						"0.0": [0, -2, 0],
						"0.4833": [0, -4, 0],
						"0.9167": [0, -2, 0]
					}
				},
				"tail": {
					"rotation": {
						"0.0": [10, 0, 0],
						"0.2333": [10, 15, 0],
						"0.4833": [10, 0, 0],
						"0.7167": [10, -15, 0],
						"0.9167": [10, 0, 0]
					},
					"position": {
						"0.0": [0, 2, -1],
						"0.4833": [0, 0, -1],
						"0.9167": [0, 2, -1]
					}
				},
				"tail4": {
					"rotation": {
						"0.0": [0, 0, 0],
						"0.2333": [0, 20, 0],
						"0.4833": [0, 0, 0],
						"0.7167": [0, -20, 0],
						"0.9167": [0, 0, 0]
					},
					"position": {
						"0.0": [0, 0, 0],
						"0.2333": [-3, 0, 1],
						"0.4833": [0, 0, 0],
						"0.7167": [3, 0, 1],
						"0.9167": [0, 0, 0]
					}
				},
				"tail5": {
					"rotation": {
						"0.0": [0, 0, 0],
						"0.2333": [0, 30, 0],
						"0.4833": [0, 0, 0],
						"0.7167": [0, -30, 0],
						"0.9167": [0, 0, 0]
					},
					"position": {
						"0.0": [0, 0, 0],
						"0.2333": [-4, 0, 2],
						"0.4833": [0, 0, 0],
						"0.7167": [4, 0, 2],
						"0.9167": [0, 0, 0]
					}
				},
				"body": {
					"rotation": [5, 0, 0],
					"position": {
						"0.0": [0, 0, 0],
						"0.4833": [0, -2, 0],
						"0.9167": [0, 0, 0]
					}
				},
				"leg4": {
					"rotation": {
						"0.0": [0, 0, 0],
						"0.2333": [45, 0, 0],
						"0.4833": [0, 0, 0],
						"0.7167": [-45, 0, 0],
						"0.9167": [0, 0, 0]
					},
					"position": [0, -2, 0]
				},
				"leg3": {
					"rotation": {
						"0.0": [0, 0, 0],
						"0.2333": [-45, 0, 0],
						"0.4833": [0, 0, 0],
						"0.7167": [45, 0, 0],
						"0.9167": [0, 0, 0]
					},
					"position": [0, -2, 0]
				},
				"leg2": {
					"rotation": {
						"0.0": [0, 0, 0],
						"0.2333": [-55, 0, 0],
						"0.4833": [0, 0, 0],
						"0.7167": [70, 0, 0],
						"0.9167": [0, 0, 0]
					}
				},
				"leg1": {
					"rotation": {
						"0.0": [0, 0, 0],
						"0.2333": [70, 0, 0],
						"0.4833": [0, 0, 0],
						"0.7167": [-55, 0, 0],
						"0.9167": [0, 0, 0]
					}
				}
			}
		},
		"animation.microceratus.setup": {
			"loop": true,
			"bones": {
				"bodyb": {
					"rotation": [0, 0, 0],
					"position": [0, 0, 0]
				}
			}
		},
		"animation.microceratus.sleep": {
			"loop": true,
			"bones": {
				"head": {
					"rotation": [0, -70, 0],
					"position": [3, -11, 4]
				},
				"tail": {
					"rotation": [0, 45, 0],
					"position": [-1, -8, -2]
				},
				"tail4": {
					"rotation": [0, 60, 0],
					"position": [-7, 0, 4]
				},
				"tail5": {
					"rotation": [0, 95, -20],
					"position": [-2, -5, 11]
				},
				"body": {
					"position": [0, -8, 0]
				},
				"body2": {
					"rotation": [5, -25, 0],
					"position": [1, 0, 2]
				},
				"body3": {
					"rotation": [20, -30, 0],
					"position": [3, -2, 6]
				},
				"leg4": {
					"rotation": [-105, -65, 0],
					"position": [0, -10, 3]
				},
				"leg4a": {
					"rotation": [55, 0, 0],
					"position": [0, 0, 10]
				},
				"leg4b": {
					"rotation": [25, 0, 0],
					"position": [0, 0, 9]
				},
				"leg4c": {
					"rotation": [25, 0, 0],
					"position": [0, 0, 8.5]
				},
				"leg3": {
					"rotation": [-105, -10, 0],
					"position": [-1, -10, 2]
				},
				"leg3a": {
					"rotation": [50, 0, -30],
					"position": [4.5, 3, 10]
				},
				"leg3b": {
					"rotation": [15, 0, -30],
					"position": [8, 3, 7.2]
				},
				"leg3c": {
					"rotation": [15, 0, 0],
					"position": [1.3, -1, 7]
				},
				"leg2": {
					"position": [1, 0, -1]
				},
				"leg2b": {
					"position": [0, -3, 2]
				},
				"leg2c": {
					"position": [0, -7, 2]
				},
				"leg1": {
					"position": [-1, 0, -1]
				},
				"leg1b": {
					"position": [0, -3, 2]
				},
				"leg1c": {
					"position": [0, -7, 2]
				}
			}
		}
	}
}