{
	"format_version": "1.8.0",
	"animations": {
		"animation.mosassauro.swim": {
			"loop": true,
			"bones": {
				"bodyb": {
					"rotation": ["query.target_x_rotation - 2.865 + (-2.865 * math.cos(query.life_time * 343.8))", "query.target_y_rotation", 0]
				}
			}
		},
		"animation.mosassauro.setup": {
			"loop": true,
			"animation_length": 2.0833,
			"bones": {
				"bodyb": {
					"rotation": {
						"0.0": [0, 0, 0],
						"1.0": [-5, 0, 0],
						"2.0833": [0, 0, 0]
					}
				},
				"tail_finny1": {
					"rotation": {
						"0.0": [0, 0, 0],
						"0.4833": [0, 0, -80],
						"1.0": [0, 0, 0],
						"1.5167": [0, 0, 60],
						"2.0833": [0, 0, 0]
					}
				},
				"tail_finny2": {
					"rotation": {
						"0.0": [0, 0, 0],
						"0.4833": [0, 0, 80],
						"1.0": [0, 0, 0],
						"1.5167": [0, 0, -60],
						"2.0833": [0, 0, 0]
					}
				},
				"tail_finny3": {
					"rotation": {
						"0.0": [0, 0, 0],
						"0.4833": [0, 0, 60],
						"1.0": [0, 0, 0],
						"1.5167": [0, 0, -80],
						"2.0833": [0, 0, 0]
					}
				},
				"tail_finny4": {
					"rotation": {
						"0.0": [0, 0, 0],
						"0.4833": [0, 0, -60],
						"1.0": [0, 0, 0],
						"1.5167": [0, 0, 80],
						"2.0833": [0, 0, 0]
					}
				},
				"head": {
					"rotation": {
						"0.0": [0, 0, 0],
						"1.0": [5, 0, 0],
						"2.0833": [0, 0, 0]
					}
				},
				"body4": {
					"rotation": {
						"0.0": [0, 0, 0],
						"0.4833": [0, 10, 0],
						"1.0": [0, 0, 0],
						"1.5667": [0, -10, 0],
						"2.0833": [0, 0, 0]
					}
				}
			}
		},
		"animation.mosassauro.delayed_attacking": {
			"loop": true,
			"bones": {
				"head3": {
					"rotation": [-10, 0, 0],
					"position": [0, 1, -1]
				},
				"eat3": {
					"rotation": [50, 0, 0],
					"position": [0, 1, 1]
				}
			}
		}
	}
}