{
	"format_version": "1.8.0",
	"animations": {
		"animation.mussaur.setup": {
			"loop": true,
			"animation_length": 4,
			"bones": {
				"bodyb": {
					"rotation": [0, 0, 0],
					"position": [0, 0, 0]
				},
				"tail": {
					"position": {
						"0.0": [0, 0, 0],
						"2.0": [0, -2, 0],
						"4.0": [0, 0, 0]
					}
				},
				"head": {
					"position": {
						"0.0": [0, 0, 0],
						"2.0": [0, -2, 0],
						"4.0": [0, 0, 0]
					}
				},
				"body": {
					"position": {
						"0.0": [0, 0, 0],
						"2.0": [0, -2, 0],
						"4.0": [0, 0, 0]
					}
				},
				"leg4c": {
					"position": {
						"0.0": [0, 0, 0],
						"1.0": [0, -1, 0],
						"2.0": [0, 0, 0]
					}
				},
				"leg3c": {
					"position": {
						"0.0": [0, 0, 0],
						"1.0": [0, -1, 0],
						"2.0": [0, 0, 0]
					}
				},
				"leg2c": {
					"position": {
						"0.0": [0, 0, 0],
						"1.0": [0, -1, 0],
						"2.0": [0, 0, 0]
					}
				},
				"leg1c": {
					"position": {
						"0.0": [0, 0, 0],
						"1.0": [0, -1, 0],
						"2.0": [0, 0, 0]
					}
				}
			}
		},
		"animation.mussaur.walk": {
			"loop": true,
			"animation_length": 2.04,
			"bones": {
				"tail": {
					"rotation": {
						"0.0": [0, 0, 0],
						"0.4833": [0, 5, 0],
						"1.0": [0, 0, 0],
						"1.5167": [0, -5, 0],
						"2.0333": [0, 0, 0]
					},
					"position": {
						"0.0": [0, 0, 0],
						"1.0": [0, -4, 0],
						"2.0333": [0, 0, 0]
					}
				},
				"head": {
					"position": {
						"0.0": [0, 0, 0],
						"1.0": [0, -4, 0],
						"2.0333": [0, 0, 0]
					}
				},
				"body": {
					"position": {
						"0.0": [0, 0, 0],
						"1.0": [0, -4, 0],
						"2.0333": [0, 0, 0]
					}
				},
				"leg4": {
					"rotation": {
						"0.0": [0, 0, 0],
						"0.2333": [-52.35, 0, 0],
						"0.4833": [-45, 0, 0],
						"1.0": [0, 0, 0],
						"1.5167": [45, 0, 0],
						"2.0333": [0, 0, 0]
					},
					"position": {
						"0.0": [0, 0, 0],
						"0.2333": [0, 2.01, 0],
						"0.4833": [0, -4, 0],
						"1.0": [0, 0, 0],
						"1.2333": [0, -1, 0.93],
						"1.5167": [0, -4, 2],
						"1.8": [0, -1.26, 0.9],
						"2.0333": [0, 0, 0]
					}
				},
				"leg4a": {
					"rotation": {
						"0.0": [0, 0, 0],
						"0.4833": [45, 0, 0],
						"1.0": [0, 0, 0],
						"1.5167": [-45, 0, 0],
						"2.0333": [0, 0, 0]
					},
					"position": {
						"0.0": [0, 0, 0],
						"0.4833": [0, 1, 1],
						"1.0": [0, 0, 0],
						"1.5167": [0, 0, 0],
						"2.0333": [0, 0, 0]
					}
				},
				"leg3": {
					"rotation": {
						"0.0": [0, 0, 0],
						"0.4833": [45, 0, 0],
						"1.0": [0, 0, 0],
						"1.2833": [-52.35, 0, 0],
						"1.5167": [-45, 0, 0],
						"2.0333": [0, 0, 0]
					},
					"position": {
						"0.0": [0, 0, 0],
						"0.2333": [0, -1, 0.99],
						"0.4833": [0, -4, 2],
						"0.7667": [0, -1.32, 0.93],
						"1.0": [0, 0, 0],
						"1.2833": [0, 2.01, 0],
						"1.5167": [0, -4, 0],
						"2.0333": [0, 0, 0]
					}
				},
				"leg3a": {
					"rotation": {
						"0.0": [0, 0, 0],
						"0.5167": [-45, 0, 0],
						"1.0": [0, 0, 0],
						"1.5167": [45, 0, 0],
						"2.0333": [0, 0, 0]
					},
					"position": {
						"1.0": [0, 0, 0],
						"1.5167": [0, 1, 1],
						"2.0333": [0, 0, 0]
					}
				},
				"leg2": {
					"rotation": {
						"0.0": [0, 0, 0],
						"0.4833": [45, 0, 0],
						"1.0": [0, 0, 0],
						"1.2833": [-47.35, 0, 0],
						"1.5167": [-45, 0, 0],
						"2.0333": [0, 0, 0]
					},
					"position": {
						"0.0": [0, 0, 0],
						"0.2333": [0, -2, 0],
						"0.4833": [0, -5, 0],
						"0.7167": [0, -2.51, 0],
						"1.0": [0, 0, 0],
						"1.2833": [0, -0.79, 2.71],
						"1.5167": [0, -7, 5],
						"1.8": [0, -1.16, 2.26],
						"2.0333": [0, 0, 0]
					}
				},
				"leg2a": {
					"rotation": {
						"0.0": [0, 0, 0],
						"0.4833": [-45, 0, 0],
						"1.0": [0, 0, 0],
						"1.5167": [45, 0, 0],
						"2.0333": [0, 0, 0]
					},
					"position": {
						"0.0": [0, 0, 0],
						"0.4833": [0, 1, -1],
						"1.0": [0, 0, 0],
						"1.5167": [0, 1, 0],
						"2.0333": [0, 0, 0]
					}
				},
				"leg1": {
					"rotation": {
						"0.0": [0, 0, 0],
						"0.2333": [-47.35, 0, 0],
						"0.4833": [-45, 0, 0],
						"1.0": [0, 0, 0],
						"1.5167": [45, 0, 0],
						"2.0333": [0, 0, 0]
					},
					"position": {
						"0.0": [0, 0, 0],
						"0.2333": [0, 0.52, 2.48],
						"0.4833": [0, -7, 5],
						"0.7667": [0, -1.25, 2.32],
						"1.0": [0, 0, 0],
						"1.2833": [0, -1.71, 0],
						"1.5167": [0, -5, 0],
						"1.7667": [0, -1.65, 0],
						"2.0333": [0, 0, 0]
					}
				},
				"leg1a": {
					"rotation": {
						"0.0": [0, 0, 0],
						"0.4833": [45, 0, 0],
						"1.0": [0, 0, 0],
						"1.5167": [-45, 0, 0],
						"2.0333": [0, 0, 0]
					},
					"position": {
						"0.0": [0, 0, 0],
						"0.4833": [0, 1, 0],
						"1.0": [0, 0, 0],
						"1.5167": [0, 1, -2],
						"2.0333": [0, 0, 0]
					}
				},
				"tail3": {
					"rotation": {
						"0.0": [0, 0, 0],
						"0.4833": [0, 10, 0],
						"1.0": [0, 0, 0],
						"1.5167": [0, -10, 0],
						"2.0333": [0, 0, 0]
					}
				},
				"tail4": {
					"rotation": {
						"0.0": [0, 0, 0],
						"0.4833": [0, 15, 0],
						"1.0": [0, 0, 0],
						"1.5167": [0, -15, 0],
						"2.0333": [0, 0, 0]
					},
					"position": {
						"0.0": [0, 0, 0],
						"0.4833": [1, 0, 0],
						"1.0": [0, 0, 0],
						"1.5167": [-1, 0, 0],
						"2.0333": [0, 0, 0]
					}
				},
				"tail5": {
					"rotation": {
						"0.0": [0, 0, 0],
						"0.4833": [0, 20, 0],
						"1.0": [0, 0, 0],
						"1.5167": [0, -20, 0],
						"2.0333": [0, 0, 0]
					},
					"position": {
						"0.0": [0, 0, 0],
						"0.4833": [3, 0, 0],
						"1.0": [0, 0, 0],
						"1.5167": [-2, 0, -1],
						"2.0333": [0, 0, 0]
					}
				}
			}
		},
		"animation.mussaur.look_at_target": {
			"loop": true,
			"bones": {
				"head": {
					"rotation": ["5+query.target_x_rotation - this", "query.target_y_rotation - this", 0]
				}
			}
		}
	}
}