{
	"format_version": "1.8.0",
	"animations": {
		"animation.pachy.walk": {
			"loop": true,
			"animation_length": 2.0833,
			"bones": {
				"tail": {
					"rotation": {
						"0.0": [0, 0, 0],
						"0.4833": [0, 5, 0],
						"1.0": [5, 0, 0],
						"1.5667": [0, -5, 0],
						"2.0833": [0, 0, 0]
					},
					"position": {
						"0.0": [0, 0, -1],
						"1.0": [0, -3, -2],
						"2.0833": [0, 0, -1]
					}
				},
				"tail3": {
					"rotation": {
						"0.0": [0, 0, 0],
						"0.4833": [0, 10, 0],
						"1.0": [0, 0, 0],
						"1.5667": [0, -10, 0],
						"2.0833": [0, 0, 0]
					},
					"position": {
						"0.0": [0, 0, 0],
						"0.4833": [0, 0, 0],
						"1.0": [0, 0, 0],
						"1.5667": [0, 0, 0],
						"2.0833": [0, 0, 0]
					}
				},
				"tail4": {
					"rotation": {
						"0.0": [0, 0, 0],
						"0.4833": [0, 20, 0],
						"1.0": [0, 0, 0],
						"1.5667": [0, -20, 0],
						"2.0833": [0, 0, 0]
					},
					"position": {
						"0.0": [0, 0, 0],
						"0.4833": [2, 0, 0],
						"1.0": [0, 0, 0],
						"1.5667": [-2, 0, 0],
						"2.0833": [0, 0, 0]
					}
				},
				"tail5": {
					"rotation": {
						"0.0": [0, 0, 0],
						"0.4833": [0, 25, 0],
						"1.0": [0, 0, 0],
						"1.5667": [0, -25, 0],
						"2.0833": [0, 0, 0]
					},
					"position": {
						"0.0": [0, 0, 0],
						"0.4833": [6, 0, 0],
						"1.0": [0, 0, 0],
						"1.5667": [-6, 0, 0],
						"2.0833": [0, 0, 0]
					}
				},
				"bodyb": {
					"rotation": {
						"0.0": [0, 0, 0],
						"1.0": [5, 0, 0],
						"2.0833": [0, 0, 0]
					}
				},
				"head": {
					"position": {
						"0.0": [0, 0, 0],
						"1.0": [0, -3, 0],
						"2.0833": [0, 0, 0]
					}
				},
				"body": {
					"position": {
						"0.0": [0, 0, 0],
						"1.0": [0, -3, 0],
						"2.0833": [0, 0, 0]
					}
				},
				"leg4": {
					"position": {
						"0.0": [0, 0, 0],
						"1.0": [0, -4, 0],
						"2.0833": [0, 0, 0]
					}
				},
				"leg2": {
					"rotation": {
						"0.0": [0, 0, 0],
						"0.2333": [-47.5, 0, 0],
						"0.4833": [-45, 0, 0],
						"0.7167": [-34.39, 0, 0],
						"1.0": [0, 0, 0],
						"1.5667": [45, 0, 0],
						"2.0833": [0, 0, 0]
					},
					"position": {
						"0.0": [0, 0, 0],
						"0.2333": [0, -0.5, 1],
						"0.4833": [0, -5, 0],
						"1.0": [0, 0, 0],
						"1.2833": [0, -1, 0],
						"1.5667": [0, -4, 0],
						"1.8333": [0, -0.31, 0],
						"2.0833": [0, 0, 0]
					}
				},
				"leg2a": {
					"rotation": {
						"0.0": [0, 0, 0],
						"0.4833": [80, 0, 0],
						"1.0": [0, 0, 0],
						"1.5667": [-50, 0, 0],
						"2.0833": [0, 0, 0]
					},
					"position": {
						"1.0": [0, 0, 0],
						"1.5667": [0, 0, -2],
						"2.0833": [0, 0, 0]
					}
				},
				"leg1": {
					"rotation": {
						"0.0": [0, 0, 0],
						"0.4833": [45, 0, 0],
						"1.0": [0, 0, 0],
						"1.2833": [-47.5, 0, 0],
						"1.5667": [-45, 0, 0],
						"1.8333": [-31.19, 0, 0],
						"2.0833": [0, 0, 0]
					},
					"position": {
						"0.0": [0, 0, 0],
						"0.2333": [0, -1, 0],
						"0.4833": [0, -4.5, 0],
						"0.7167": [0, -1.8, 0],
						"1.0": [0, 0, 0],
						"1.2833": [0, -0.5, 1],
						"1.5667": [0, -5, 0],
						"2.0833": [0, 0, 0]
					}
				},
				"leg1a": {
					"rotation": {
						"0.0": [0, 0, 0],
						"0.4833": [-50, 0, 0],
						"1.0": [0, 0, 0],
						"1.5667": [85, 0, 0],
						"2.0833": [0, 0, 0]
					},
					"position": {
						"0.0": [0, 0, 0],
						"0.4833": [0, 1, -2],
						"1.0": [0, 0, 0]
					}
				},
				"leg5": {
					"position": {
						"0.0": [0, 0, 0],
						"1.0": [0, -4, 0],
						"2.0833": [0, 0, 0]
					}
				}
			}
		},
		"animation.pachy.setup": {
			"loop": true,
			"animation_length": 4,
			"bones": {
				"bodyb": {
					"rotation": [0, 0, 0],
					"position": [0, 0, 0]
				},
				"tail": {
					"position": {
						"0.0": [0, 0, 0],
						"1.9667": [0, -2, 0],
						"4.0": [0, 0, 0]
					}
				},
				"head": {
					"position": {
						"0.0": [0, 0, 0],
						"1.9667": [0, -2, 0],
						"4.0": [0, 0, 0]
					}
				},
				"body": {
					"position": {
						"0.0": [0, 0, 0],
						"1.9667": [0, -2, 0],
						"4.0": [0, 0, 0]
					}
				},
				"leg4": {
					"rotation": {
						"0.0": [0, 0, 0],
						"1.9667": [10, 0, 0],
						"4.0": [0, 0, 0]
					},
					"position": {
						"0.0": [0, 0, 0],
						"1.9667": [0, -3, 0],
						"4.0": [0, 0, 0]
					}
				},
				"leg5": {
					"rotation": {
						"0.0": [0, 0, 0],
						"1.9667": [10, 0, 0],
						"4.0": [0, 0, 0]
					},
					"position": {
						"0.0": [0, 0, 0],
						"1.9667": [0, -3, 0],
						"4.0": [0, 0, 0]
					}
				}
			}
		},
		"animation.pachy.look_at_target": {
			"loop": true,
			"bones": {
				"head": {
					"rotation": ["15+query.target_x_rotation - this", "query.target_y_rotation - this", 0]
				}
			}
		},
		"animation.pachy.delayed_attacking": {
			"animation_length": 1.2,
			"bones": {
				"body": {
					"rotation": {
						"0.0": [0, 0, 0],
						"0.2": [-15, 0, 0],
						"0.4833": [-15, 0, 0],
						"0.6333": [25, 0, 0],
						"0.9167": [25, 0, 0],
						"1.2": [0, 0, 0]
					},
					"position": {
						"0.0": [0, 0, 0],
						"0.2": [0, 2, 0],
						"0.4833": [0, 2, 0],
						"0.6333": [0, 0, 4],
						"0.9167": [0, 0, -1],
						"1.2": [0, 0, 0]
					}
				},
				"head": {
					"rotation": {
						"0.0": [0, 0, 0],
						"0.4833": [0, 0, 0],
						"0.6333": [40, 0, 0],
						"0.9167": [65, 0, 0],
						"1.2": [0, 0, 0]
					},
					"position": {
						"0.0": [0, 0, 0],
						"0.2": [0, 6, 3],
						"0.4833": [0, 6, 3],
						"0.6333": [0, -9, 0],
						"0.9167": [0, -9, -5],
						"1.2": [0, 0, 0]
					}
				},
				"tail": {
					"rotation": {
						"0.4833": [0, 0, 0],
						"0.6333": [20, 0, 0],
						"0.9167": [20, 0, 0],
						"1.2": [0, 0, 0]
					},
					"position": {
						"0.4833": [0, 0, 0],
						"0.6333": [0, 4, 0],
						"0.9167": [0, 4, -6],
						"1.2": [0, 0, 0]
					}
				},
				"leg2": {
					"position": {
						"0.4833": [0, 0, 0],
						"0.6333": [0, 0, -3],
						"0.9167": [0, 0, -3],
						"1.2": [0, 0, 0]
					}
				},
				"leg1": {
					"position": {
						"0.4833": [0, 0, 0],
						"0.6333": [0, 0, 5],
						"0.9167": [0, 0, 5],
						"1.2": [0, 0, 0]
					}
				},
				"leg4": {
					"position": {
						"0.0": [0, 0, 0],
						"0.2": [0, 4, 1],
						"0.4833": [0, 4, 1],
						"0.6333": [0, -5, 4],
						"0.9167": [0, -5, -2],
						"1.2": [0, 0, 0]
					}
				},
				"leg5": {
					"position": {
						"0.0": [0, 0, 0],
						"0.2": [0, 4, 1],
						"0.4833": [0, 4, 1],
						"0.6333": [0, -5, 4],
						"0.9167": [0, -5, -1],
						"1.2": [0, 0, 0]
					}
				}
			}
		}
	}
}