{
	"format_version": "1.8.0",
	"animations": {
		"animation.plateossauro.setup": {
			"loop": true,
			"animation_length": 4,
			"bones": {
				"tail": {
					"rotation": {
						"0.0": [0, 0, 0],
						"2.0": [-5, 0, 0],
						"4.0": [0, 0, 0]
					},
					"position": {
						"0.0": [0, 0, 0],
						"2.0": [0, -2, 0],
						"4.0": [0, 0, 0]
					}
				},
				"body": {
					"position": {
						"0.0": [0, 0, 0],
						"2.0": [0, -2, 0],
						"4.0": [0, 0, 0]
					}
				},
				"head": {
					"position": {
						"0.0": [0, 0, 0],
						"2.0": [0, -2, 0],
						"4.0": [0, 0, 0]
					}
				}
			}
		},
		"animation.plateossauro.walk": {
			"loop": true,
			"animation_length": 2,
			"bones": {
				"tail": {
					"rotation": {
						"0.0": [0, 0, 0],
						"0.4": [2.4, -10, 0],
						"1.0": [5, 0, 0],
						"1.5167": [2.4, 10, 0],
						"2.0": [0, 0, 0]
					},
					"position": {
						"0.0": [0, 0, 0],
						"1.0": [0, -3, 0],
						"2.0": [0, 0, 0]
					}
				},
				"tail3": {
					"rotation": {
						"0.0": [0, 0, 0],
						"0.4833": [0, -5, 0],
						"1.0": [0, 0, 0],
						"1.5167": [0, 5, 0],
						"2.0": [0, 0, 0]
					},
					"position": {
						"0.0": [0, 0, 0],
						"0.4833": [1, 0, 0],
						"1.0": [0, 0, 0],
						"1.5167": [-1, 0, 0],
						"2.0": [0, 0, 0]
					}
				},
				"tail4": {
					"rotation": {
						"0.0": [0, 0, 0],
						"0.4833": [0, -5, 0],
						"1.0": [0, 0, 0],
						"1.5167": [0, 5, 0],
						"2.0": [0, 0, 0]
					},
					"position": {
						"0.0": [0, 0, 0],
						"0.4833": [0, 0, 0],
						"1.0": [0, 0, 0],
						"1.5167": [0, 0, 0],
						"2.0": [0, 0, 0]
					}
				},
				"body": {
					"rotation": {
						"0.0": [0, 0, 0],
						"1.0": [5, 0, 0],
						"2.0": [0, 0, 0]
					},
					"position": {
						"0.0": [0, 0, 0],
						"1.0": [0, -3, 0],
						"2.0": [0, 0, 0]
					}
				},
				"leg0": {
					"rotation": {
						"0.0": [0, 0, 0],
						"0.2333": [-47.5, 0, 0],
						"0.4833": [-35, 0, 0],
						"1.0": [0, 0, 0],
						"1.5167": [35, 0, 0],
						"2.0": [0, 0, 0]
					},
					"position": {
						"0.0": [0, 0, 0],
						"0.2333": [0, 7, -8],
						"0.4833": [0, -3, -8],
						"0.7667": [0, -0.62, 0],
						"1.0": [0, 0, 0],
						"1.2833": [0, 0, 0],
						"1.5167": [0, -3, 0],
						"1.7667": [0, 0, 0],
						"2.0": [0, 0, 0]
					}
				},
				"leg0d": {
					"rotation": {
						"0.0": [0, 0, 0],
						"0.2333": [79.86, 0, 0],
						"0.4833": [40, 0, 0],
						"1.0": [0, 0, 0],
						"1.5167": [-35, 0, 0],
						"2.0": [0, 0, 0]
					},
					"position": {
						"0.0": [0, 0, 0],
						"0.2333": [0, -2.99, 5],
						"0.4833": [0, -2, 0],
						"1.0": [0, 0, 0],
						"1.5167": [0, 0, 0],
						"2.0": [0, 0, 0]
					}
				},
				"leg2": {
					"rotation": {
						"0.0": [0, 0, 0],
						"0.4833": [35, 0, 0],
						"1.0": [0, 0, 0],
						"1.2833": [-47.5, 0, 0],
						"1.5167": [-35, 0, 0],
						"1.7667": [-15, 0, 0],
						"2.0": [0, 0, 0]
					},
					"position": {
						"0.0": [0, 0, 0],
						"0.2333": [0, 0, 0],
						"0.4833": [0, -3, 0],
						"0.7667": [0, 0, 0],
						"1.0": [0, 0, 0],
						"1.2833": [0, 7, -8],
						"1.5167": [0, -3, -8],
						"1.7667": [0, -0.62, 0],
						"2.0": [0, 0, 0]
					}
				},
				"arm1": {
					"position": {
						"0.0": [0, 0, 0],
						"1.0": [0, -6, 0],
						"2.0": [0, 0, 0]
					}
				},
				"arm2": {
					"position": {
						"0.0": [0, 0, 0],
						"1.0": [0, -6, 0],
						"2.0": [0, 0, 0]
					}
				},
				"tail5": {
					"rotation": {
						"0.0": [0, 0, 0],
						"0.4833": [0, -10, 0],
						"1.0": [0, 0, 0],
						"1.5167": [0, 10, 0],
						"2.0": [0, 0, 0]
					},
					"position": {
						"0.0": [0, 0, 0],
						"0.4833": [-3, 0, 0],
						"1.0": [0, 0, 0],
						"1.5167": [3, 0, 0],
						"2.0": [0, 0, 0]
					}
				},
				"leg2d": {
					"rotation": {
						"0.0": [0, 0, 0],
						"0.2333": [-20, 0, 0],
						"0.4833": [-33.68, 0, 0],
						"1.0": [0, 0, 0],
						"1.2833": [79.86, 0, 0],
						"1.5167": [39.86, 0, 0],
						"1.7667": [15, 0, 0],
						"2.0": [0, 0, 0]
					},
					"position": {
						"0.0": [0, 0, 0],
						"0.2333": [0, 0, -1],
						"0.4833": [0, 1, -0.68],
						"1.0": [0, 0, 0],
						"1.2833": [0, -3, 5],
						"1.5167": [0, -2, 2],
						"1.7667": [0, -1, 0],
						"2.0": [0, 0, 0]
					}
				},
				"head": {
					"position": {
						"0.0": [0, 0, 0],
						"1.0": [0, -8, -6],
						"2.0": [0, 0, 0]
					}
				}
			}
		},
		"animation.plateossauro.look_at_target": {
			"loop": true,
			"bones": {
				"head": {
					"rotation": ["25+query.target_x_rotation - this", "query.target_y_rotation - this", 0]
				}
			}
		}
	}
}