{
	"format_version": "1.8.0",
	"animations": {
		"animation.plesiossauro.swim": {
			"loop": true,
			"bones": {
				"bodyb": {
					"rotation": ["query.target_x_rotation - 2.865 + (-2.865 * math.cos(query.life_time * 343.8))", "query.target_y_rotation", 0]
				}
			}
		},
		"animation.plesiossauro.setup": {
			"loop": true,
			"animation_length": 2.0833,
			"bones": {
				"bodyb": {
					"rotation": {
						"0.0": [0, 0, 0],
						"1.0": [-5, 0, 0],
						"2.0833": [0, 0, 0]
					}
				},
				"head": {
					"rotation": {
						"0.0": [0, 0, 0],
						"1.0": [5, 0, 0],
						"2.0833": [0, 0, 0]
					}
				},
				"tail": {
					"rotation": {
						"0.0": [0, 0, 0],
						"0.4833": [0, 5, 0],
						"1.0": [0, 0, 0],
						"1.5167": [0, -5, 0],
						"2.0833": [0, 0, 0]
					}
				},
				"tail3": {
					"rotation": {
						"0.0": [0, 0, 0],
						"0.4833": [0, 5, 0],
						"1.0": [0, 0, 0],
						"1.5167": [0, -5, 0],
						"2.0833": [0, 0, 0]
					}
				},
				"tail4": {
					"rotation": {
						"0.0": [0, 0, 0],
						"0.4833": [0, 10, 0],
						"1.0": [0, 0, 0],
						"1.5167": [0, -10, 0],
						"2.0833": [0, 0, 0]
					},
					"position": {
						"0.0": [0, 0, 0],
						"0.4833": [1, 0, 0],
						"1.0": [0, 0, 0],
						"1.5167": [-1, 0, 0],
						"2.0833": [0, 0, 0]
					}
				},
				"leg1": {
					"rotation": {
						"0.0": [0, 0, 0],
						"0.4833": [0, 0, 80],
						"1.0": [0, 0, 0],
						"1.5167": [0, 0, -60],
						"2.0833": [0, 0, 0]
					}
				},
				"leg2": {
					"rotation": {
						"0.0": [0, 0, 0],
						"0.4833": [0, 0, -80],
						"1.0": [0, 0, 0],
						"1.5167": [0, 0, 60],
						"2.0833": [0, 0, 0]
					}
				},
				"leg3": {
					"rotation": {
						"0.0": [0, 0, 0],
						"0.4833": [0, 0, -60],
						"1.0": [0, 0, 0],
						"1.5167": [0, 0, 80],
						"2.0833": [0, 0, 0]
					}
				},
				"leg4": {
					"rotation": {
						"0.0": [0, 0, 0],
						"0.4833": [0, 0, 60],
						"1.0": [0, 0, 0],
						"1.5167": [0, 0, -80],
						"2.0833": [0, 0, 0]
					}
				}
			}
		}
	}
}