{
	"format_version": "1.8.0",
	"animations": {
		"animation.pterodactilo.walk": {
			"loop": true,
			"animation_length": 2.04,
			"bones": {
				"body": {
					"rotation": {
						"0.0": [0, 0, 0],
						"1.0": [5, 0, 0],
						"2.0333": [0, 0, 0]
					},
					"position": {
						"0.0": [0, 0, 0],
						"1.0": [0, -2, 0],
						"2.0333": [0, 0, 0]
					}
				},
				"head": {
					"rotation": {
						"0.0": [0, 0, 0],
						"1.0": [10, 0, 0],
						"2.0333": [0, 0, 0]
					},
					"position": {
						"0.0": [0, 0, 0],
						"1.0": [0, -3, -1],
						"2.0333": [0, 0, 0]
					}
				},
				"leg0": {
					"rotation": {
						"0.0": [0, 0, 0],
						"0.4833": [-55, 0, 0],
						"1.0": [0, 0, 0],
						"1.5167": [55, 0, 0],
						"2.0333": [0, 0, 0]
					}
				},
				"leg2": {
					"rotation": {
						"0.0": [0, 0, 0],
						"0.4833": [55, 0, 0],
						"1.0": [0, 0, 0],
						"1.5167": [-55, 0, 0],
						"2.0333": [0, 0, 0]
					}
				},
				"wing0": {
					"rotation": {
						"0.0": [0, 0, 0],
						"1.0": [-30, 0, 0],
						"2.0333": [0, 0, 0]
					},
					"position": {
						"0.0": [0, 0, 0],
						"0.4833": [0, 1.12, 0],
						"1.0": [0, -6, 0],
						"1.5167": [0, -2, 0],
						"2.0333": [0, 0, 0]
					}
				},
				"wing0d": {
					"rotation": {
						"0.0": [0, 0, 0],
						"1.0": [-15, 0, 0],
						"2.0333": [0, 0, 0]
					}
				},
				"wing2": {
					"rotation": {
						"0.0": [0, 0, 0],
						"1.0": [-30, 0, 0],
						"2.0333": [0, 0, 0]
					},
					"position": {
						"0.0": [0, 0, 0],
						"0.4833": [0, 1.12, 0],
						"1.0": [0, -6, 0],
						"1.5167": [0, -2, 0],
						"2.0333": [0, 0, 0]
					}
				},
				"wing0d2": {
					"rotation": {
						"0.0": [0, 0, 0],
						"1.0": [-15, 0, 0],
						"2.0333": [0, 0, 0]
					}
				}
			}
		},
		"animation.pterodactilo.fly": {
			"loop": true,
			"animation_length": 4.04,
			"bones": {
				"bodyb": {
					"rotation": [35, 0, 0],
					"position": {
						"0.0": [0, 4, 3],
						"1.0": [0, 1, 3],
						"2.0": [0, 4, 3],
						"3.0333": [0, 7, 3],
						"4.0333": [0, 4, 3]
					}
				},
				"head": {
					"rotation": {
						"0.0": [-35, 0, 0],
						"2.0": [-25, 0, 0],
						"4.0333": [-35, 0, 0]
					},
					"position": {
						"0.0": [0, -2, 1],
						"2.0": [0, -1, 0],
						"4.0333": [0, -2, 1]
					}
				},
				"neck": {
					"rotation": [-5, 0, 0],
					"position": [0, -1, -1]
				},
				"leg0": {
					"rotation": [40, 0, 0],
					"position": [0, 0, 2]
				},
				"leg0b": {
					"rotation": [65, 0, 0]
				},
				"leg2": {
					"rotation": [40, 0, 0],
					"position": [0, 0, 2]
				},
				"leg0b2": {
					"rotation": [65, 0, 0]
				},
				"wing0": {
					"rotation": {
						"0.0": [0, -50, -85],
						"1.0": [-40, 0, -5],
						"2.0": [0, -50, -85],
						"3.0333": [40, -20, -180],
						"4.0333": [0, -50, -85]
					}
				},
				"wing0d": {
					"rotation": [-85, 0, 0]
				},
				"wing2": {
					"rotation": {
						"0.0": [0, 50, 85],
						"1.0": [-40, 0, 5],
						"2.0": [0, 50, 85],
						"3.0333": [40, 20, 180],
						"4.0333": [0, 50, 85]
					}
				},
				"wing0d2": {
					"rotation": [-85, 0, 0]
				}
			}
		},
		"animation.pterodactilo.delayed_attacking": {
			"animation_length": 0.52,
			"bones": {
				"bodyb": {
					"rotation": [0, 0, 0]
				},
				"head": {
					"rotation": [-5, 0, 0],
					"position": [0, -1, 0]
				},
				"beak1": {
					"rotation": {
						"0.0": [0, 0, 0],
						"0.2833": [-40, 0, 0],
						"0.5167": [0, 0, 0]
					}
				},
				"beak2": {
					"rotation": {
						"0.0": [0, 0, 0],
						"0.2833": [45, 0, 0],
						"0.5167": [0, 0, 0]
					}
				}
			}
		}
	}
}