{
	"format_version": "1.8.0",
	"animations": {
		"animation.segisaurus.delayed_attacking": {
			"animation_length": 0.48,
			"bones": {
				"bodyb": {
					"position": [0, -4, 0]
				},
				"head": {
					"rotation": {
						"0.0": [-15, 0, 0],
						"0.4833": [-15, 0, 0]
					},
					"position": {
						"0.0": [0, 0, 1],
						"0.2333": [0, 1, -2],
						"0.4833": [0, 0, 1]
					}
				},
				"head2": {
					"rotation": [-10, 0, 0],
					"position": [0, -4, -5]
				},
				"head3": {
					"rotation": {
						"0.0": [40, 0, 0],
						"0.2333": [10, 0, 0],
						"0.4833": [40, 0, 0]
					},
					"position": {
						"0.0": [0, 26, 16],
						"0.1167": [0, 15.5, 12],
						"0.2333": [0, 5, 6],
						"0.2833": [0, 8.5, 7.98],
						"0.3667": [0, 16.08, 12.28],
						"0.4833": [0, 26, 16]
					}
				},
				"leg4": {
					"position": [0, -2, 0]
				},
				"leg3": {
					"position": [0, -2, 0]
				},
				"leg2a": {
					"position": [0, 4, 0]
				},
				"leg1a": {
					"position": [0, 4, 0]
				}
			}
		}
	}
}