{
	"format_version": "1.8.0",
	"animations": {
		"animation.therizinossauro.delayed_attacking": {
			"animation_length": 0.48,
			"bones": {
				"head": {
					"rotation": [0, 5, 0],
					"position": {
						"0.0": [0, 3, 7],
						"0.4833": [0, 0, -1]
					}
				},
				"body": {
					"rotation": {
						"0.0": [-5, 0, 0],
						"0.4833": [0, 0, 0]
					}
				},
				"arm1": {
					"rotation": {
						"0.0": [0, 0, 0],
						"0.2333": [-135, -10, 40],
						"0.4833": [-45, -10, 65]
					},
					"position": [0, 0, 0]
				}
			}
		}
	}
}