{
	"format_version": "1.8.0",
	"animations": {
		"animation.tiranossauro.walk": {
			"loop": true,
			"animation_length": 2.0833,
			"bones": {
				"bodyb": {
					"rotation": {
						"0.0": [0, 0, 0],
						"1.0": [5, 0, 0],
						"2.0833": [0, 0, 0]
					}
				},
				"body": {
					"rotation": {
						"0.0": [0, 0, 0],
						"0.4833": [0, 0, 10],
						"1.0": [0, 0, 0],
						"1.5667": [0, 0, -10],
						"2.0833": [0, 0, 0]
					},
					"position": {
						"0.0": [0, 0, 0],
						"1.0": [0, -3, 0],
						"2.0833": [0, 0, 0]
					}
				},
				"leg4": {
					"rotation": {
						"0.0": [0, 0, 0],
						"1.0": [-40, 0, 0],
						"2.0833": [0, 0, 0]
					},
					"position": {
						"0.0": [0, 0, 0],
						"1.0": [0, -1, 0],
						"2.0833": [0, 0, 0]
					}
				},
				"leg3": {
					"rotation": {
						"0.0": [0, 0, 0],
						"1.0": [-40, 0, 0],
						"2.0833": [0, 0, 0]
					},
					"position": {
						"0.0": [0, 0, 0],
						"1.0": [0, -1, 0],
						"2.0833": [0, 0, 0]
					}
				},
				"leg2": {
					"rotation": {
						"0.0": [-16.75, 0, 0],
						"0.2333": [-52.5, 0, 0],
						"0.4833": [-45, 0, 0],
						"0.7167": [-34.39, 0, 0],
						"1.0": [0, 0, 0],
						"1.5667": [45, 0, 0],
						"2.0833": [-16.75, 0, 0]
					},
					"position": {
						"0.0": [0, 1.12, 0],
						"0.2333": [0, -2.5, 0],
						"0.4833": [0, -6, 0],
						"1.0": [0, 0, 0],
						"1.2833": [0, -1.5, 0],
						"1.5667": [0, -5, 0],
						"1.8333": [0, 1.69, 0],
						"2.0833": [0, 1.12, 0]
					}
				},
				"leg2a": {
					"rotation": {
						"0.0": [0, 0, 0],
						"0.4833": [80, 0, 0],
						"1.0": [0, 0, 0],
						"1.5667": [-50, 0, 0],
						"2.0833": [0, 0, 0]
					},
					"position": {
						"1.0": [0, 0, 0],
						"1.5667": [0, 0, -2],
						"2.0833": [0, 0, 0]
					}
				},
				"leg1": {
					"rotation": {
						"0.0": [0, 0, 0],
						"0.4833": [45, 0, 0],
						"0.9833": [-16.75, 0, 0],
						"1.2833": [-52.5, 0, 0],
						"1.5667": [-45, 0, 0],
						"1.8333": [-31.19, 0, 0],
						"2.0833": [0, 0, 0]
					},
					"position": {
						"0.0": [0, 0, 0],
						"0.2333": [0, -2, 0],
						"0.4833": [0, -6, 0],
						"0.7167": [0, 0.77, 0],
						"0.9833": [0, 1.12, 0],
						"1.2833": [0, -2.5, 0],
						"1.5667": [0, -6, 0],
						"2.0833": [0, 0, 0]
					}
				},
				"leg1a": {
					"rotation": {
						"0.0": [0, 0, 0],
						"0.4833": [-50, 0, 0],
						"1.0": [0, 0, 0],
						"1.5667": [80, 0, 0],
						"2.0833": [0, 0, 0]
					},
					"position": {
						"0.0": [0, 0, 0],
						"0.4833": [0, 1, -2],
						"1.0": [0, 0, 0]
					}
				},
				"tail": {
					"rotation": {
						"0.0": [0, 0, 0],
						"0.4833": [0, 5, 0],
						"1.0": [0, 0, 0],
						"1.5667": [0, -5, 0],
						"2.0833": [0, 0, 0]
					}
				},
				"tail2": {
					"rotation": {
						"0.0": [0, 0, 0],
						"0.4833": [0, 5, 0],
						"1.0": [0, 0, 0],
						"1.5667": [0, -5, 0],
						"2.0833": [0, 0, 0]
					}
				},
				"tail3": {
					"rotation": {
						"0.0": [0, 0, 0],
						"0.4833": [0, 10, 0],
						"1.0": [0, 0, 0],
						"1.5667": [0, -10, 0],
						"2.0833": [0, 0, 0]
					}
				},
				"tail4": {
					"rotation": {
						"0.0": [0, 0, 0],
						"0.4833": [0, 5, 0],
						"1.0": [0, 0, 0],
						"1.5667": [0, -5, 0],
						"2.0833": [0, 0, 0]
					}
				},
				"tail5": {
					"rotation": {
						"0.0": [0, 0, 0],
						"0.4833": [0, 5, 0],
						"1.0": [0, 0, 0],
						"1.5667": [0, -5, 0],
						"2.0833": [0, 0, 0]
					}
				},
				"tail6": {
					"rotation": {
						"0.0": [0, 0, 0],
						"0.4833": [0, 10, 0],
						"1.0": [0, 0, 0],
						"1.5667": [0, -10, 0],
						"2.0833": [0, 0, 0]
					}
				}
			}
		},
		"animation.tiranossauro.setup": {
			"loop": true,
			"animation_length": 4.04,
			"bones": {
				"body": {
					"position": {
						"0.0": [0, 0, 0],
						"2.0": [0, -2, 0],
						"4.0333": [0, 0, 0]
					}
				},
				"tail": {
					"rotation": {
						"0.0": [0, 0, 0],
						"2.0": [-5, 0, 0],
						"4.0333": [0, 0, 0]
					}
				}
			}
		},
		"animation.tiranossauro.casting": {
			"animation_length": 4.04,
			"bones": {
				"bodyb": {
					"rotation": [25, 0, 0],
					"position": [0, 0, 8]
				},
				"body": {
					"rotation": {
						"0.0": [-10, 0, 0],
						"3.0": [-15, 0, 0],
						"4.0333": [-10, 0, 0]
					},
					"position": {
						"0.0": [0, 0, 0],
						"3.0": [0, -5, 0],
						"4.0333": [0, 0, 0]
					}
				},
				"head": {
					"rotation": {
						"0.0": [-20, 0, 0],
						"0.9667": [-20, 0, 0],
						"1.2333": [-20, 0, 25],
						"1.5167": [-20, 0, 0],
						"1.7667": [-20, 0, -25],
						"1.9667": [-20, 0, 0],
						"2.2": [-20, 0, 0],
						"2.5667": [-30, 0, 0],
						"3.0": [-20, 0, 0],
						"4.0333": [-20, 0, 0]
					}
				},
				"head2": {
					"rotation": {
						"0.0": [0, 0, 0],
						"0.8": [0, 0, 0],
						"1.0833": [-10, 0, 0],
						"3.8833": [0, 0, 0],
						"4.0333": [0, 0, 0]
					}
				},
				"head3": {
					"rotation": {
						"0.0": [0, 0, 0],
						"0.8": [0, 0, 0],
						"1.0833": [45, 0, 0],
						"2.4833": [45, 0, 0],
						"4.0333": [0, 0, 0]
					}
				},
				"head4": {
					"rotation": {
						"0.0": [0, 0, 0],
						"0.8": [0, 0, 0],
						"1.0333": [-10, 0, 0],
						"3.8833": [0, 0, 0],
						"4.0333": [0, 0, 0]
					}
				},
				"leg4": {
					"rotation": [-60, 0, 0]
				},
				"leg3": {
					"rotation": [-60, 0, 0]
				},
				"leg2": {
					"rotation": [-25, 0, 0],
					"position": [0, -3, 7]
				},
				"leg1": {
					"rotation": [-25, 0, 0],
					"position": [0, 2, -3]
				}
			}
		},
		"animation.tiranossauro.delayed_attacking": {
			"animation_length": 0.52,
			"bones": {
				"bodyb": {
					"rotation": [20, 0, 0],
					"position": [0, 0, 7]
				},
				"head": {
					"rotation": {
						"0.0": [-25, 0, 0],
						"0.2833": [-25, 0, 0]
					},
					"position": {
						"0.0": [0, 0, 0],
						"0.2833": [0, 0, -1],
						"0.5167": [0, 0, 0]
					}
				},
				"head2": {
					"rotation": [-10, 0, 0]
				},
				"head3": {
					"rotation": {
						"0.0": [45, 0, 0],
						"0.2833": [15, 0, 0],
						"0.5167": [45, 0, 0]
					}
				},
				"head4": {
					"rotation": [-10, 0, 0]
				},
				"leg4": {
					"rotation": [-75, 0, 0]
				},
				"leg3": {
					"rotation": [-80, 0, 0]
				},
				"leg2": {
					"rotation": [-20, 0, 0],
					"position": [0, 1, -4]
				},
				"leg1": {
					"rotation": [-20, 0, 0],
					"position": [0, -2, 5]
				}
			}
		},
		"animation.tiranossauro.look_at_target": {
			"loop": true,
			"bones": {
				"head": {
					"rotation": ["10+query.target_x_rotation - this", "query.target_y_rotation - this", 0]
				}
			}
		}
	}
}