{
	"format_version": "1.8.0",
	"animations": {
		"animation.triceratopo.setup": {
			"loop": true,
			"animation_length": 4,
			"bones": {
				"bodyb": {
					"rotation": [0, 0, 0],
					"position": [0, 0, 0]
				},
				"tail": {
					"position": {
						"0.0": [0, 0, 0],
						"2.0": [0, -2, 0],
						"4.0": [0, 0, 0]
					}
				},
				"head": {
					"position": {
						"0.0": [0, 0, 0],
						"2.0": [0, -2, 0],
						"4.0": [0, 0, 0]
					}
				},
				"body": {
					"position": {
						"0.0": [0, 0, 0],
						"2.0": [0, -2, 0],
						"4.0": [0, 0, 0]
					}
				},
				"leg4c": {
					"position": {
						"0.0": [0, 0, 0],
						"1.0": [0, -1, 0],
						"2.0": [0, 0, 0]
					}
				},
				"leg3c": {
					"position": {
						"0.0": [0, 0, 0],
						"1.0": [0, -1, 0],
						"2.0": [0, 0, 0]
					}
				},
				"leg2c": {
					"position": {
						"0.0": [0, 0, 0],
						"1.0": [0, -1, 0],
						"2.0": [0, 0, 0]
					}
				},
				"leg1c": {
					"position": {
						"0.0": [0, 0, 0],
						"1.0": [0, -1, 0],
						"2.0": [0, 0, 0]
					}
				}
			}
		},
		"animation.triceratopo.walk": {
			"loop": true,
			"animation_length": 2.04,
			"bones": {
				"tail": {
					"rotation": {
						"0.0": [0, 0, 0],
						"0.4833": [0, 5, 0],
						"1.0": [0, 0, 0],
						"1.5167": [0, -5, 0],
						"2.0333": [0, 0, 0]
					},
					"position": {
						"0.0": [0, 0, 0],
						"1.0": [0, -4, 0],
						"2.0333": [0, 0, 0]
					}
				},
				"head": {
					"position": {
						"0.0": [0, 0, 0],
						"1.0": [0, -4, 0],
						"2.0333": [0, 0, 0]
					}
				},
				"body": {
					"position": {
						"0.0": [0, 0, 0],
						"1.0": [0, -4, 0],
						"2.0333": [0, 0, 0]
					}
				},
				"leg4": {
					"rotation": {
						"0.0": [0, 0, 0],
						"0.2333": [-52.35, 0, 0],
						"0.4833": [-45, 0, 0],
						"1.0": [0, 0, 0],
						"1.5167": [45, 0, 0],
						"2.0333": [0, 0, 0]
					},
					"position": {
						"0.0": [0, 0, 0],
						"0.2333": [0, 2.01, 0],
						"0.4833": [0, -4, 0],
						"1.0": [0, 0, 0],
						"1.2333": [0, -1, 0.93],
						"1.5167": [0, -4, 2],
						"1.8": [0, -1.26, 0.9],
						"2.0333": [0, 0, 0]
					}
				},
				"leg4a": {
					"rotation": {
						"0.0": [0, 0, 0],
						"0.4833": [45, 0, 0],
						"1.0": [0, 0, 0],
						"1.5167": [-45, 0, 0],
						"2.0333": [0, 0, 0]
					},
					"position": {
						"0.0": [0, 0, 0],
						"0.4833": [0, 1, 1],
						"1.0": [0, 0, 0],
						"1.5167": [0, 0, 0],
						"2.0333": [0, 0, 0]
					}
				},
				"leg3": {
					"rotation": {
						"0.0": [0, 0, 0],
						"0.4833": [45, 0, 0],
						"1.0": [0, 0, 0],
						"1.2833": [-52.35, 0, 0],
						"1.5167": [-45, 0, 0],
						"2.0333": [0, 0, 0]
					},
					"position": {
						"0.0": [0, 0, 0],
						"0.2333": [0, -1, 0.99],
						"0.4833": [0, -4, 2],
						"0.7667": [0, -1.32, 0.93],
						"1.0": [0, 0, 0],
						"1.2833": [0, 2.01, 0],
						"1.5167": [0, -4, 0],
						"2.0333": [0, 0, 0]
					}
				},
				"leg3a": {
					"rotation": {
						"0.0": [0, 0, 0],
						"0.5167": [-45, 0, 0],
						"1.0": [0, 0, 0],
						"1.5167": [45, 0, 0],
						"2.0333": [0, 0, 0]
					},
					"position": {
						"1.0": [0, 0, 0],
						"1.5167": [0, 1, 1],
						"2.0333": [0, 0, 0]
					}
				},
				"leg2": {
					"rotation": {
						"0.0": [0, 0, 0],
						"0.4833": [45, 0, 0],
						"1.0": [0, 0, 0],
						"1.2833": [-47.35, 0, 0],
						"1.5167": [-45, 0, 0],
						"2.0333": [0, 0, 0]
					},
					"position": {
						"0.0": [0, 0, 0],
						"0.2333": [0, -2, 0],
						"0.4833": [0, -5, 0],
						"0.7167": [0, -2.51, 0],
						"1.0": [0, 0, 0],
						"1.2833": [0, -0.79, 2.71],
						"1.5167": [0, -7, 5],
						"1.8": [0, -1.16, 2.26],
						"2.0333": [0, 0, 0]
					}
				},
				"leg2a": {
					"rotation": {
						"0.0": [0, 0, 0],
						"0.4833": [-45, 0, 0],
						"1.0": [0, 0, 0],
						"1.5167": [45, 0, 0],
						"2.0333": [0, 0, 0]
					},
					"position": {
						"0.0": [0, 0, 0],
						"0.4833": [0, 1, -1],
						"1.0": [0, 0, 0],
						"1.5167": [0, 1, 0],
						"2.0333": [0, 0, 0]
					}
				},
				"leg1": {
					"rotation": {
						"0.0": [0, 0, 0],
						"0.2333": [-47.35, 0, 0],
						"0.4833": [-45, 0, 0],
						"1.0": [0, 0, 0],
						"1.5167": [45, 0, 0],
						"2.0333": [0, 0, 0]
					},
					"position": {
						"0.0": [0, 0, 0],
						"0.2333": [0, 0.52, 2.48],
						"0.4833": [0, -7, 5],
						"0.7667": [0, -1.25, 2.32],
						"1.0": [0, 0, 0],
						"1.2833": [0, -1.71, 0],
						"1.5167": [0, -5, 0],
						"1.7667": [0, -1.65, 0],
						"2.0333": [0, 0, 0]
					}
				},
				"leg1a": {
					"rotation": {
						"0.0": [0, 0, 0],
						"0.4833": [45, 0, 0],
						"1.0": [0, 0, 0],
						"1.5167": [-45, 0, 0],
						"2.0333": [0, 0, 0]
					},
					"position": {
						"0.0": [0, 0, 0],
						"0.4833": [0, 1, 0],
						"1.0": [0, 0, 0],
						"1.5167": [0, 1, -2],
						"2.0333": [0, 0, 0]
					}
				},
				"tail3": {
					"rotation": {
						"0.0": [0, 0, 0],
						"0.4833": [0, 10, 0],
						"1.0": [0, 0, 0],
						"1.5167": [0, -10, 0],
						"2.0333": [0, 0, 0]
					}
				},
				"tail4": {
					"rotation": {
						"0.0": [0, 0, 0],
						"0.4833": [0, 15, 0],
						"1.0": [0, 0, 0],
						"1.5167": [0, -15, 0],
						"2.0333": [0, 0, 0]
					},
					"position": {
						"0.0": [0, 0, 0],
						"0.4833": [1, 0, 0],
						"1.0": [0, 0, 0],
						"1.5167": [-1, 0, 0],
						"2.0333": [0, 0, 0]
					}
				},
				"tail5": {
					"rotation": {
						"0.0": [0, 0, 0],
						"0.4833": [0, 20, 0],
						"1.0": [0, 0, 0],
						"1.5167": [0, -20, 0],
						"2.0333": [0, 0, 0]
					},
					"position": {
						"0.0": [0, 0, 0],
						"0.4833": [3, 0, 0],
						"1.0": [0, 0, 0],
						"1.5167": [-2, 0, -1],
						"2.0333": [0, 0, 0]
					}
				},
				"tail6": {
					"rotation": {
						"0.0": [0, 0, 0],
						"0.4833": [0, 25, 0],
						"1.0": [0, 0, 0],
						"1.5167": [0, -25, 0],
						"2.0333": [0, 0, 0]
					},
					"position": {
						"0.0": [0, 0, 0],
						"0.4833": [5, 0, -1],
						"1.0": [0, 0, 0],
						"1.5167": [-4, 0, -1],
						"2.0333": [0, 0, 0]
					}
				},
				"tail7": {
					"rotation": {
						"0.0": [0, 0, 0],
						"0.4833": [0, 35, 0],
						"1.0": [0, 0, 0],
						"1.5167": [0, -30, 0],
						"2.0333": [0, 0, 0]
					},
					"position": {
						"0.0": [0, 0, 0],
						"0.4833": [7, 0, -1],
						"1.0": [0, 0, 0],
						"1.5167": [-6, 0, -2],
						"2.0333": [0, 0, 0]
					}
				}
			}
		},
		"animation.triceratopo.delayed_attacking": {
			"animation_length": 1.44,
			"bones": {
				"bodyb": {
					"position": {
						"0.0": [0, 0, 0],
						"0.5167": [0, 0, 0],
						"1.0": [0, 0, -3],
						"1.4333": [0, 0, 0]
					}
				},
				"tail": {
					"rotation": {
						"0.0": [0, 0, 0],
						"0.2": [10, 0, 0],
						"1.2": [10, 0, 0],
						"1.4333": [0, 0, 0]
					},
					"position": {
						"0.0": [0, 0, 0],
						"0.2": [0, 2, -1],
						"1.0": [0, 2, -5],
						"1.2": [0, 2, -5],
						"1.4333": [0, 0, 0]
					}
				},
				"tail2": {
					"rotation": [0, 0, 0]
				},
				"head": {
					"rotation": {
						"0.0": [0, 0, 0],
						"0.2": [0, 0, 0],
						"0.3167": [5, 0, -15],
						"0.4833": [17.5, 0, 16.25],
						"0.6": [25, 0, 0],
						"1.0": [-30, 0, 0],
						"1.2": [-30, 0, 0],
						"1.4333": [0, 0, 0]
					},
					"position": {
						"0.0": [0, 0, 0],
						"0.2": [0, -3, -1],
						"0.3667": [0, -2.2, -1.2],
						"0.4833": [0, -1.6, 0.4],
						"0.6": [0, -1, -1],
						"1.0": [0, -2, -4],
						"1.2": [0, -3, -4],
						"1.4333": [0, 0, 0]
					}
				},
				"body": {
					"rotation": {
						"0.0": [0, 0, 0],
						"0.2": [10, 0, 0],
						"1.2": [10, 0, 0],
						"1.4333": [0, 0, 0]
					},
					"position": {
						"0.0": [0, 0, 0],
						"0.2": [0, 0, 3],
						"1.0": [0, 0, -1],
						"1.2": [0, 0, -1],
						"1.4333": [0, 0, 0]
					}
				},
				"leg4": {
					"rotation": {
						"0.0": [0, 0, 0],
						"0.4": [0, 0, 0],
						"0.6": [25, 0, 0],
						"1.2": [25, 0, 0],
						"1.4333": [0, 0, 0]
					},
					"position": {
						"0.0": [0, 0, 0],
						"0.4": [0, 0, 0],
						"0.6": [0, -2, 0],
						"1.2": [0, -2, 0],
						"1.4333": [0, 0, 0]
					}
				},
				"leg4a": {
					"rotation": {
						"0.0": [0, 0, 0],
						"0.4": [0, 0, 0],
						"0.6": [-25, 0, 0],
						"1.2": [-25, 0, 0],
						"1.4333": [0, 0, 0]
					}
				},
				"leg4c": {
					"rotation": {
						"0.0": [0, 0, 0],
						"0.2": [25, 0, 0],
						"1.2": [25, 0, 0],
						"1.4333": [0, 0, 0]
					},
					"position": {
						"0.0": [0, 0, 0],
						"0.2": [0, 4, 5],
						"1.2": [0, 4, 5],
						"1.4333": [0, 0, 0]
					}
				},
				"leg3": {
					"rotation": {
						"0.6333": [0, 0, 0],
						"0.9167": [-40, 0, 0],
						"1.2": [-40, 0, 0],
						"1.4333": [0, 0, 0]
					},
					"position": {
						"0.6333": [0, 0, 0],
						"0.9167": [0, -4, 0],
						"1.2": [0, -4, 0],
						"1.4333": [0, 0, 0]
					}
				},
				"leg3a": {
					"rotation": {
						"0.6333": [0, 0, 0],
						"0.9167": [45, 0, 0],
						"1.2": [45, 0, 0],
						"1.4333": [0, 0, 0]
					},
					"position": {
						"0.6333": [0, 0, 0],
						"0.9167": [0, 1, 1],
						"1.2": [0, 1, 1],
						"1.4333": [0, 0, 0]
					}
				},
				"leg3c": {
					"rotation": {
						"0.0": [0, 0, 0],
						"0.2": [25, 0, 0],
						"1.2": [25, 0, 0]
					},
					"position": {
						"0.0": [0, 0, 0],
						"0.2": [0, 5, 5],
						"1.2": [0, 5, 5]
					}
				},
				"leg2": {
					"rotation": {
						"0.0": [0, 0, 0],
						"0.6333": [0, 0, 0],
						"0.9167": [-20, 0, 0],
						"1.2": [-20, 0, 0],
						"1.4333": [0, 0, 0]
					},
					"position": {
						"0.0": [0, 0, 0],
						"0.6333": [0, -1, 0],
						"0.9167": [0, -1, 0],
						"1.2": [0, -1, 0],
						"1.4333": [0, 0, 0]
					}
				},
				"leg2a": {
					"rotation": {
						"0.6333": [0, 0, 0],
						"0.9167": [25, 0, 0],
						"1.2": [25, 0, 0],
						"1.4333": [0, 0, 0]
					}
				},
				"leg1": {
					"rotation": {
						"0.6333": [0, 0, 0],
						"0.9167": [45, 0, 0],
						"1.2": [45, 0, 0],
						"1.4333": [0, 0, 0]
					},
					"position": {
						"0.6333": [0, 0, 0],
						"0.9167": [0, -5, 0],
						"1.2": [0, -5, 0],
						"1.4333": [0, 0, 0]
					}
				},
				"leg1a": {
					"rotation": {
						"0.6333": [0, 0, 0],
						"0.9167": [-45, 0, 0],
						"1.2": [-45, 0, 0],
						"1.4333": [0, 0, 0]
					},
					"position": {
						"0.6333": [0, 0, 0],
						"0.9167": [0, 1, -2],
						"1.2": [0, 1, -2],
						"1.4333": [0, 0, 0]
					}
				}
			}
		},
		"animation.triceratopo.look_at_target": {
			"loop": true,
			"bones": {
				"head": {
					"rotation": ["20+query.target_x_rotation - this", "query.target_y_rotation - this", 0]
				}
			}
		},
		"animation.triceratopo.sleep": {
			"loop": true,
			"bones": {
				"leg1": {
					"position": [0, 0, 4]
				},
				"leg1b": {
					"position": [0, -3, 2]
				},
				"leg1c": {
					"rotation": [-75, 0, 0],
					"position": [0, 9, -18]
				},
				"leg2": {
					"position": [0, 0, 4]
				},
				"leg2b": {
					"position": [0, -3, 2]
				},
				"leg2c": {
					"rotation": [-75, 0, 0],
					"position": [0, 9, -18]
				},
				"leg3": {
					"rotation": [-35, -25, 0],
					"position": [4, 2, 1]
				},
				"leg3a": {
					"rotation": [35, -25, 0],
					"position": [3, -6, 0]
				},
				"leg3b": {
					"rotation": [-40, -20, 0],
					"position": [1, -9, 4]
				},
				"leg3c": {
					"position": [0, -10, 8]
				},
				"leg4a": {
					"rotation": [0, -50, 0],
					"position": [5, -1, 0]
				},
				"leg4b": {
					"rotation": [-75, -40, 0],
					"position": [2, -8, 4]
				},
				"leg4c": {
					"position": [0, -10, 8]
				},
				"body": {
					"rotation": [-10, 0, 0],
					"position": [0, -13, 0]
				},
				"body3": {
					"rotation": [0, -25, 0],
					"position": [-4, 0, 0]
				},
				"head": {
					"rotation": [25, -50, -30],
					"position": [2, -9, 9]
				},
				"tail": {
					"rotation": [0, 20, 0],
					"position": [2, -16, 3]
				},
				"tail2": {
					"rotation": [0, 15, 0],
					"position": [-5, 0, 0]
				},
				"tail3": {
					"rotation": [0, 35, 0],
					"position": [-1, 0, -2]
				},
				"tail4": {
					"rotation": [0, 55, 0],
					"position": [4, 0, -2]
				},
				"tail5": {
					"rotation": [0, 70, 0],
					"position": [9, 0, -4]
				},
				"tail6": {
					"rotation": [0, 85, 0],
					"position": [15, 0, -10]
				},
				"tail7": {
					"rotation": [0, 100, 0],
					"position": [19, 0, -15]
				},
				"body4": {
					"rotation": [0, -25, 0],
					"position": [-3, 0, 2]
				},
				"head2": {
					"rotation": [0, -40, 0],
					"position": [-11, 2, 0]
				}
			}
		}
	}
}