{
	"format_version": "1.8.0",
	"animations": {
		"animation.velociraptor.walk": {
			"loop": true,
			"animation_length": 2.0833,
			"bones": {
				"tail": {
					"rotation": {
						"0.0": [0, 0, 0],
						"0.4833": [0, 15, 0],
						"1.0": [5, 0, 0],
						"1.5667": [0, -15, 0],
						"2.0833": [0, 0, 0]
					},
					"position": {
						"0.0": [0, 0, -1],
						"1.0": [0, -3, -2],
						"2.0833": [0, 0, -1]
					}
				},
				"tail2": {
					"rotation": {
						"0.0": [0, 0, 0],
						"0.4833": [0, 15, 0],
						"1.0": [0, 0, 0],
						"1.5167": [0, -15, 0],
						"2.0833": [0, 0, 0]
					},
					"position": {
						"0.0": [0, 0, 0],
						"1.0": [0, 0, 0]
					}
				},
				"tail3": {
					"rotation": {
						"0.0": [0, 0, 0],
						"0.4833": [0, 20, 0],
						"1.0": [0, 0, 0],
						"1.5667": [0, -20, 0],
						"2.0833": [0, 0, 0]
					},
					"position": {
						"0.0": [0, 0, 0],
						"0.4833": [2, 0, 0],
						"1.0": [0, 0, 0],
						"1.5667": [-3, 0, 1],
						"2.0833": [0, 0, 0]
					}
				},
				"tail4": {
					"rotation": {
						"0.0": [0, 0, 0],
						"0.4833": [0, 25, 0],
						"1.0": [0, 0, 0],
						"1.5667": [0, -25, 0],
						"2.0833": [0, 0, 0]
					},
					"position": {
						"0.0": [0, 0, 0],
						"0.4833": [6, 0, -2],
						"1.0": [0, 0, 0],
						"1.5667": [-7, 0, -1],
						"2.0833": [0, 0, 0]
					}
				},
				"tail5": {
					"rotation": {
						"0.0": [0, 0, 0],
						"0.4833": [0, 25, 0],
						"1.0": [0, 0, 0],
						"1.5667": [0, -35, 0],
						"2.0833": [0, 0, 0]
					},
					"position": {
						"0.0": [0, 0, 0],
						"0.4833": [9, 0, -5],
						"1.0": [0, 0, 0],
						"1.5667": [-12, 0, -1],
						"2.0833": [0, 0, 0]
					}
				},
				"bodyb": {
					"rotation": {
						"0.0": [0, 0, 0],
						"1.0": [5, 0, 0],
						"2.0833": [0, 0, 0]
					},
					"position": [0, 0, 0]
				},
				"head": {
					"rotation": {
						"0.0": [0, 0, 0],
						"1.0": [-10, 0, 0],
						"2.0833": [0, 0, 0]
					},
					"position": {
						"0.0": [0, 0, 0],
						"1.0": [0, -3, 0],
						"2.0833": [0, 0, 0]
					}
				},
				"body": {
					"position": {
						"0.0": [0, 0, 0],
						"1.0": [0, -3, 0],
						"2.0833": [0, 0, 0]
					}
				},
				"leg4": {
					"rotation": {
						"0.0": [0, 0, 0],
						"1.0": [-65, 10, 0],
						"2.0833": [0, 0, 0]
					},
					"position": {
						"0.0": [0, 0, 0],
						"1.0": [0, -4, 0],
						"2.0833": [0, 0, 0]
					}
				},
				"leg3": {
					"rotation": {
						"0.0": [0, 0, 0],
						"1.0": [-65, -10, 0],
						"2.0833": [0, 0, 0]
					},
					"position": {
						"0.0": [0, 0, 0],
						"1.0": [0, -4, 0],
						"2.0833": [0, 0, 0]
					}
				},
				"leg2": {
					"rotation": {
						"0.0": [0, 0, 0],
						"0.2333": [-57.5, 0, 0],
						"0.4833": [-55, 0, 0],
						"0.7167": [-34.39, 0, 0],
						"1.0": [0, 0, 0],
						"1.5667": [45, 0, 0],
						"2.0833": [0, 0, 0]
					},
					"position": {
						"0.0": [0, 0, 0],
						"0.2333": [0, -1.5, -1],
						"0.4833": [0, -8, 0],
						"0.7167": [0, -2.17, 0],
						"1.0": [0, 0, 0],
						"1.2833": [0, -1.5, 1],
						"1.5667": [0, -4, 0],
						"1.8333": [0, -0.31, 0],
						"2.0833": [0, 0, 0]
					}
				},
				"leg2a": {
					"rotation": {
						"0.0": [0, 0, 0],
						"0.4833": [85, 0, 0],
						"1.0": [0, 0, 0],
						"1.5667": [-50, 0, 0],
						"2.0833": [0, 0, 0]
					},
					"position": {
						"1.0": [0, 0, 0],
						"1.2833": [0, 0.5, -0.99],
						"1.5667": [0, 0, -2],
						"2.0833": [0, 0, 0]
					}
				},
				"leg1": {
					"rotation": {
						"0.0": [0, 0, 0],
						"0.4833": [45, 0, 0],
						"1.0": [0, 0, 0],
						"1.2833": [-57.5, 0, 0],
						"1.5667": [-50, 0, 0],
						"1.8333": [-31.19, 0, 0],
						"2.0833": [0, 0, 0]
					},
					"position": {
						"0.0": [0, 0, 0],
						"0.2333": [0, -2, 0],
						"0.4833": [0, -4, 0],
						"0.7167": [0, -2.23, 0],
						"1.0": [0, 0, 0],
						"1.2833": [0, -1.5, -1],
						"1.5667": [0, -4, 0],
						"2.0833": [0, 0, 0]
					}
				},
				"leg1a": {
					"rotation": {
						"0.0": [0, 0, 0],
						"0.4833": [-50, 0, 0],
						"1.0": [0, 0, 0],
						"1.5667": [110, 0, 0],
						"2.0833": [0, 0, 0]
					},
					"position": {
						"0.0": [0, 0, 0],
						"0.2333": [0, 1.5, -0.99],
						"0.4833": [0, 1, -2],
						"0.7167": [0, 1.2, -1.08],
						"1.0": [0, 0, 0]
					}
				},
				"leg2f": {
					"position": {
						"0.0": [0, 0, 0],
						"1.0": [0, -2, 0],
						"2.0833": [0, 0, 0]
					}
				},
				"leg1f": {
					"position": {
						"0.0": [0, 0, 0],
						"1.0": [0, -2, 0],
						"2.0833": [0, 0, 0]
					}
				}
			}
		},
		"animation.velociraptor.setup": {
			"loop": true,
			"animation_length": 4,
			"bones": {
				"bodyb": {
					"rotation": [0, 0, 0],
					"position": [0, 0, 0]
				},
				"tail": {
					"rotation": {
						"0.0": [0, 0, 0],
						"1.9667": [-10, 0, 0],
						"4.0": [0, 0, 0]
					},
					"position": {
						"0.0": [0, 0, 0],
						"1.9667": [0, -2, 0],
						"4.0": [0, 0, 0]
					}
				},
				"head": {
					"position": {
						"0.0": [0, 0, 0],
						"1.9667": [0, -2, 0],
						"4.0": [0, 0, 0]
					}
				},
				"body": {
					"position": {
						"0.0": [0, 0, 0],
						"1.9667": [0, -2, 0],
						"4.0": [0, 0, 0]
					}
				},
				"leg4": {
					"rotation": {
						"0.0": [0, 0, 0],
						"1.9667": [10, 0, 0],
						"4.0": [0, 0, 0]
					},
					"position": {
						"0.0": [0, 0, 0],
						"1.9667": [0, -3, 0],
						"4.0": [0, 0, 0]
					}
				},
				"leg3": {
					"rotation": {
						"0.0": [0, 0, 0],
						"1.9667": [10, 0, 0],
						"4.0": [0, 0, 0]
					},
					"position": {
						"0.0": [0, 0, 0],
						"1.9667": [0, -3, 0],
						"4.0": [0, 0, 0]
					}
				},
				"leg2b": {
					"rotation": {
						"0.0": [0, 0, 0],
						"1.9667": [25, 0, 0],
						"4.0": [0, 0, 0]
					}
				},
				"leg1b": {
					"rotation": {
						"0.0": [0, 0, 0],
						"1.9667": [25, 0, 0],
						"4.0": [0, 0, 0]
					}
				}
			}
		},
		"animation.velociraptor.delayed_attacking": {
			"animation_length": 0.8,
			"bones": {
				"bodyb": {
					"rotation": {
						"0.0": [0, 0, 0],
						"0.4833": [30, 0, 0],
						"0.8": [0, 0, 0]
					},
					"position": {
						"0.0": [0, 0, 0],
						"0.4833": [0, 0, 5],
						"0.8": [0, 0, 0]
					}
				},
				"head": {
					"rotation": {
						"0.0": [0, 0, 0],
						"0.4833": [-45, 0, 0],
						"0.8": [0, 0, 0]
					}
				},
				"head2": {
					"rotation": [0, 0, 0]
				},
				"head4": {
					"rotation": {
						"0.0": [0, 0, 0],
						"0.4833": [60, 0, 0],
						"0.8": [0, 0, 0]
					},
					"position": {
						"0.0": [0, 0, 0],
						"0.4833": [0, 1, 0],
						"0.8": [0, 0, 0]
					}
				},
				"leg4": {
					"rotation": {
						"0.0": [0, 0, 0],
						"0.4833": [-80, 10, 0],
						"0.8": [0, 0, 0]
					},
					"position": {
						"0.0": [0, 0, 0],
						"0.4833": [0, 0, -4],
						"0.8": [0, 0, 0]
					}
				},
				"leg3": {
					"rotation": {
						"0.0": [0, 0, 0],
						"0.4833": [-80, -10, 0],
						"0.8": [0, 0, 0]
					},
					"position": {
						"0.0": [0, 0, 0],
						"0.4833": [0, 0, -4],
						"0.8": [0, 0, 0]
					}
				},
				"leg2": {
					"rotation": {
						"0.0": [0, 0, 0],
						"0.4833": [-30, 0, 0],
						"0.8": [0, 0, 0]
					},
					"position": {
						"0.0": [0, 0, 0],
						"0.4833": [0, 1, -2],
						"0.8": [0, 0, 0]
					}
				},
				"leg2f": {
					"rotation": {
						"0.0": [0, 0, 0],
						"0.4833": [-30, 0, 0],
						"0.8": [0, 0, 0]
					},
					"position": {
						"0.0": [0, 0, 0],
						"0.4833": [0, 3, 0],
						"0.8": [0, 0, 0]
					}
				},
				"leg1": {
					"rotation": {
						"0.0": [0, 0, 0],
						"0.4833": [-30, 0, 0],
						"0.8": [0, 0, 0]
					},
					"position": {
						"0.0": [0, 0, 0],
						"0.4833": [0, -3, 5],
						"0.8": [0, 0, 0]
					}
				},
				"leg1b": {
					"rotation": {
						"0.0": [0, 0, 0],
						"0.1667": [55, 0, 0],
						"0.3167": [0, 0, 0],
						"0.4833": [55, 0, 0],
						"0.6333": [0, 0, 0],
						"0.7667": [55, 0, 0],
						"0.8": [0, 0, 0]
					}
				},
				"leg1f": {
					"rotation": {
						"0.0": [0, 0, 0],
						"0.4833": [25, 0, 0]
					},
					"position": {
						"0.0": [0, 0, 0],
						"0.4833": [0, -2, 1]
					}
				}
			}
		},
		"animation.velociraptor.casting": {
			"animation_length": 0.4833,
			"bones": {
				"head": {
					"rotation": {
						"0.0": [0, 0, 0],
						"0.1667": [-35, 0, -30],
						"0.4833": [0, 0, 0]
					},
					"position": {
						"0.0": [0, 0, 0],
						"0.4833": [0, 0, 0]
					}
				},
				"head4": {
					"rotation": {
						"0.0": [0, 0, 0],
						"0.1667": [60, 0, 0],
						"0.4833": [0, 0, 0]
					},
					"position": {
						"0.0": [0, 0, 0],
						"0.1667": [0, 0, 0],
						"0.4833": [0, 0, 0]
					}
				}
			}
		},
		"animation.velociraptor.look_at_target": {
			"loop": true,
			"bones": {
				"head": {
					"rotation": ["5+query.target_x_rotation - this", "query.target_y_rotation - this", 0]
				}
			}
		}
	}
}