{
	"format_version": "1.8.0",
	"animations": {
		"animation.xixi.walk": {
			"loop": true,
			"animation_length": 0.9667,
			"bones": {
				"leg1": {
					"rotation": {
						"0.0": [0, 0, 0],
						"0.2333": [80, 0, 0],
						"0.4833": [0, 0, 0],
						"0.7167": [-65, 0, 0],
						"0.9667": [0, 0, 0]
					}
				},
				"leg1a": {
					"rotation": {
						"0.0": [0, 0, 0],
						"0.2333": [-10, 0, 0],
						"0.4833": [0, 0, 0],
						"0.7167": [30, 0, 0],
						"0.9667": [0, 0, 0]
					},
					"position": {
						"0.0": [0, 0, 0],
						"0.2333": [0, 0, -4],
						"0.4833": [0, 0, 0],
						"0.7167": [0, -1, -1],
						"0.9667": [0, 0, 0]
					}
				},
				"leg1b": {
					"rotation": {
						"0.0": [0, 0, 0],
						"0.2333": [-70, 0, 0],
						"0.4833": [0, 0, 0],
						"0.7167": [-35, 0, 0],
						"0.9667": [0, 0, 0]
					},
					"position": {
						"0.0": [0, 0, 0],
						"0.2333": [0, 0, -1],
						"0.4833": [0, 0, 0],
						"0.7167": [0, 0, 0],
						"0.9667": [0, 0, 0]
					}
				},
				"leg2": {
					"rotation": {
						"0.0": [0, 0, 0],
						"0.2333": [-65, 0, 0],
						"0.4833": [0, 0, 0],
						"0.7167": [80, 0, 0],
						"0.9667": [0, 0, 0]
					}
				},
				"leg2a": {
					"rotation": {
						"0.0": [0, 0, 0],
						"0.2333": [30, 0, 0],
						"0.4833": [0, 0, 0],
						"0.7167": [-10, 0, 0],
						"0.9667": [0, 0, 0]
					},
					"position": {
						"0.0": [0, 0, 0],
						"0.2333": [0, -1, -1],
						"0.4833": [0, 0, 0],
						"0.7167": [0, 0, -4],
						"0.9667": [0, 0, 0]
					}
				},
				"leg2b": {
					"rotation": {
						"0.0": [0, 0, 0],
						"0.2333": [-35, 0, 0],
						"0.4833": [0, 0, 0],
						"0.7167": [-70, 0, 0],
						"0.9667": [0, 0, 0]
					},
					"position": {
						"0.0": [0, 0, 0],
						"0.2333": [0, -1, 0],
						"0.4833": [0, 0, 0],
						"0.7167": [0, 0, -1],
						"0.9667": [0, 0, 0]
					}
				},
				"leg3": {
					"rotation": [-45, 0, 0],
					"position": [0, 1, -1]
				},
				"leg4": {
					"rotation": [-45, 0, 0],
					"position": [0, 1, -1]
				},
				"body3": {
					"rotation": {
						"0.4833": [0, 0, 0],
						"0.7167": [5, 0, 0],
						"0.9667": [0, 0, 0]
					},
					"position": {
						"0.4833": [0, 0, 0],
						"0.7167": [0, 1, 0],
						"0.9667": [0, 0, 0]
					}
				},
				"body4": {
					"rotation": {
						"0.0": [0, 0, 0],
						"0.2333": [-15, 0, 0],
						"0.4833": [0, 0, 0],
						"0.7167": [35, 0, 0],
						"0.9667": [0, 0, 0]
					},
					"position": {
						"0.0": [0, 0, 0],
						"0.2333": [0, -1, -4],
						"0.4833": [0, 0, 0],
						"0.7167": [0, 7, 7],
						"0.9667": [0, 0, 0]
					}
				},
				"body5": {
					"rotation": {
						"0.0": [0, 0, 0],
						"0.2333": [-15, 0, 0],
						"0.4833": [0, 0, 0],
						"0.7167": [35, 0, 0],
						"0.9667": [0, 0, 0]
					},
					"position": {
						"0.0": [0, 0, 0],
						"0.2333": [0, 0, -4],
						"0.4833": [0, 0, 0],
						"0.7167": [0, 7, 7],
						"0.9667": [0, 0, 0]
					}
				},
				"body6": {
					"rotation": {
						"0.0": [0, 0, 0],
						"0.2333": [-15, 0, 0],
						"0.4833": [0, 0, 0],
						"0.7167": [35, 0, 0],
						"0.9667": [0, 0, 0]
					},
					"position": {
						"0.0": [0, 0, 0],
						"0.2333": [0, 0, -4],
						"0.4833": [0, 0, 0],
						"0.7167": [0, 7, 7],
						"0.9667": [0, 0, 0]
					}
				},
				"head": {
					"rotation": {
						"0.0": [0, 0, 0],
						"0.2333": [25, 0, 0],
						"0.4833": [0, 0, 0],
						"0.7167": [-20, 0, 0],
						"0.9667": [0, 0, 0]
					},
					"position": {
						"0.0": [0, 0, 0],
						"0.2333": [0, 2, 2],
						"0.4": [0, 0, 1],
						"0.4833": [0, -3, 0],
						"0.6": [0, 0, -4],
						"0.7167": [0, -2, -8],
						"0.8833": [0, 0.33, -2.67],
						"0.9667": [0, 0, 0]
					}
				},
				"tail": {
					"rotation": {
						"0.0": [0, 0, 0],
						"0.2333": [-10, 10, 0],
						"0.4833": [0, 0, 0],
						"0.7167": [15, -10, 0],
						"0.9667": [0, 0, 0]
					},
					"position": {
						"0.0": [0, 0, 0],
						"0.4833": [0, -3, 0],
						"0.9667": [0, 0, 0]
					}
				},
				"tail2": {
					"rotation": {
						"0.0": [0, 0, 0],
						"0.2333": [0, 15, 0],
						"0.4833": [0, 0, 0],
						"0.7167": [0, -15, 0],
						"0.9667": [0, 0, 0]
					}
				},
				"tail3": {
					"rotation": {
						"0.0": [0, 0, 0],
						"0.2333": [0, 25, 0],
						"0.4833": [0, 0, 0],
						"0.7167": [0, -25, 0],
						"0.9667": [0, 0, 0]
					},
					"position": {
						"0.0": [0, 0, 0],
						"0.2333": [2, 0, 0],
						"0.4833": [0, 0, 0],
						"0.7167": [-2, 0, 0],
						"0.9667": [0, 0, 0]
					}
				},
				"tail4": {
					"rotation": {
						"0.0": [0, 0, 0],
						"0.2333": [0, 40, 0],
						"0.4833": [0, 0, 0],
						"0.7167": [0, -40, 0],
						"0.9667": [0, 0, 0]
					},
					"position": {
						"0.0": [0, 0, 0],
						"0.2333": [5, 0, -1],
						"0.4833": [0, 0, 0],
						"0.7167": [-5, 0, -1],
						"0.9667": [0, 0, 0]
					}
				},
				"bodyb": {
					"rotation": {
						"0.0": [0, 0, 0],
						"0.2333": [-15, 0, 0],
						"0.4": [-7.5, 0, 0],
						"0.5667": [10, 0, 0],
						"0.7167": [15, 0, 0],
						"0.9667": [0, 0, 0]
					},
					"position": {
						"0.0": [0, 0, 0],
						"0.2333": [0, 3, 0],
						"0.4833": [0, 3, 0],
						"0.7167": [0, 3, 0],
						"0.9667": [0, 0, 0]
					}
				},
				"leg1d": {
					"rotation": {
						"0.0": [0, 0, 0],
						"0.2333": [75, 0, 0],
						"0.4833": [0, 0, 0],
						"0.7167": [145, 0, 0],
						"0.9667": [0, 0, 0]
					},
					"position": {
						"0.0": [0, 0, 0],
						"0.2333": [0, 0, -5],
						"0.4833": [0, 0, 0],
						"0.7167": [0, -2, 0],
						"0.9667": [0, 0, 0]
					}
				},
				"leg2d": {
					"rotation": {
						"0.0": [0, 0, 0],
						"0.2333": [145, 0, 0],
						"0.4833": [0, 0, 0],
						"0.7167": [75, 0, 0],
						"0.9667": [0, 0, 0]
					},
					"position": {
						"0.0": [0, 0, 0],
						"0.2333": [0, -2, 0],
						"0.4833": [0, 0, 0],
						"0.7167": [0, 0, -5],
						"0.9667": [0, 0, 0]
					}
				},
				"body": {
					"position": {
						"0.0": [0, 0, 0],
						"0.4833": [0, -3, 0],
						"0.9667": [0, 0, 0]
					}
				}
			}
		},
		"animation.xixi.setup": {
			"loop": true,
			"animation_length": 4,
			"bones": {
				"bodyb": {
					"rotation": [0, 0, 0],
					"position": [0, 0, 0]
				},
				"tail": {
					"rotation": [0, 0, 0],
					"position": {
						"0.0": [0, 0, 0],
						"1.9667": [0, -2, 0],
						"4.0": [0, 0, 0]
					}
				},
				"head": {
					"rotation": [0, 0, 0],
					"position": {
						"0.0": [0, 0, 0],
						"1.9667": [0, -2, 0],
						"4.0": [0, 0, 0]
					}
				},
				"body": {
					"rotation": [0, 0, 0],
					"position": {
						"0.0": [0, 0, 0],
						"1.9667": [0, -2, 0],
						"4.0": [0, 0, 0]
					}
				}
			}
		},
		"animation.xixi.delayed_attacking": {
			"loop": true,
			"bones": {
				"tail": {
					"rotation": [25, 0, 0],
					"position": [0, 4, 1]
				},
				"head": {
					"rotation": [-35, 0, 0],
					"position": [0, -4, -4]
				},
				"head2": {
					"rotation": [-20, 0, 0],
					"position": [0, -1, -9]
				},
				"head3": {
					"rotation": [40, 0, 0],
					"position": [0, 11, 14]
				},
				"body": {
					"rotation": [25, 0, 0],
					"position": [0, 2, 2]
				}
			}
		}
	}
}