{
  "format_version": "1.13.0",
  "minecraft:structure_template_feature": {
    "description": {
      "identifier": "minecraft:lab_six_gabriel"
    },
    "structure_name": "mystructure:lab_six",
    "adjustment_radius": 8,
    "facing_direction": "random",
    "constraints": {
      "grounded": {},
      "block_intersection": {
        "block_whitelist": [
          "minecraft:air",
          "minecraft:grass",
          "minecraft:dirt",
          "minecraft:podzol",
          "minecraft:stone",
          "minecraft:tallgrass",
          "minecraft:sand",
          {
            "name": "minecraft:sand",
            "states": {
              "sand_type": "red"
            }
          },
          {
            "name": "minecraft:dirt",
            "states": {
              "dirt_type": "coarse"
            }
          },
          {
            "name": "minecraft:leaves",
            "states": {
              "old_leaf_type": "oak"
            }
          },
          {
            "name": "minecraft:leaves",
            "states": {
              "old_leaf_type": "spruce"
            }
          },
          {
            "name": "minecraft:leaves",
            "states": {
              "old_leaf_type": "birch"
            }
          },
          {
            "name": "minecraft:leaves",
            "states": {
              "old_leaf_type": "jungle"
            }
          },
          {
            "name": "minecraft:leaves2",
            "states": {
              "new_leaf_type": "acacia"
           }
          },
          {
            "name": "minecraft:leaves2",
            "states": {
              "new_leaf_type": "dark_oak"
            }
          },
          {
            "name": "minecraft:log",
            "states": {
              "old_log_type": "oak"
            }
          },
          {
            "name": "minecraft:log",
            "states": {
              "old_log_type": "spruce"
            }
          },
          {
            "name": "minecraft:log",
            "states": {
              "old_log_type": "birch"
            }
          },
          {
            "name": "minecraft:log",
            "states": {
              "old_log_type": "jungle"
            }
          },
          {
            "name": "minecraft:log2",
            "states": {
              "new_log_type": "acacia"
            }
          },
          {
            "name": "minecraft:log2",
            "states": {
              "new_log_type": "dark_oak"
            }
          }
        ]
      }
    }
  }
}