{
  "format_version": "1.13.0",
  "minecraft:feature_rules": {
    "description": {
      "identifier": "minecraft:dense_surface_trees_feature",
      "places_feature": "minecraft:legacy:forest_tree_feature"
    },
    "conditions": {
      "placement_pass": "surface_pass",
      "minecraft:biome_filter": [
        {
          "any_of": [
            {
              "test": "has_biome_tag",
              "operator": "==",
              "value": "dense_forest"
            }
          ]
        }
      ]
    },
    "distribution": {
      "iterations": 1,
      "x": 0,
      "y": 0,
      "z": 0
    }
  }
}
