{
  "format_version": "1.12",
  "minecraft:recipe_shaped": {
    "description": {
    "identifier": "dino:conservador"
    },

    "tags": [ "crafting_table" ],
    "pattern": [
      "CCC",
	  "#B#",
      "#U#"
    ],
    "key": {
      "#": {
        "item": "minecraft:glass"
      },
      "C": {
        "item": "minecraft:iron_nugget"
      },
	  "B": {
        "item": "minecraft:slime_ball"
      },
	  "U": {
        "item": "minecraft:ice"
      }
    },
    "result": {
      "item": "dino:conservador",
	  "count": 6
    }
  }
}