{
  "format_version": "1.13.0",
  "minecraft:biome": {
    "description": {
      "identifier": "araucaria_valley"
    },
    "components": {
      "minecraft:climate": {
        "downfall": 0.9,
        "snow_accumulation": [ 0.0, 0.125 ],
        "temperature": 0.95
      },
      "minecraft:overworld_height": {
        "noise_type": "default"
      },
      "minecraft:surface_parameters": {
        "sea_floor_depth": 7,
        "sea_floor_material": "minecraft:gravel",
        "foundation_material": "minecraft:stone",
        "mid_material": "minecraft:dirt",
        "top_material": "minecraft:grass",
        "sea_material": "minecraft:water"
      },
      "minecraft:overworld_generation_rules": {
        "generate_for_climates": [
          [ "medium", 3 ],
          [ "warm", 2 ],
          [ "cold", 1 ]
        ]
      },

      "animal": {},
      "rare": {},
      "araucaria_valley": {},
      "monster": {},
      "overworld": {}
    }
  }
}
