{
  "format_version": "1.13.0",
  "minecraft:biome": {
    "description": {
      "identifier": "dense_forest"
    },
    "components": {
      "minecraft:climate": {
        "downfall": 0.8,
        "snow_accumulation": [ 0.0, 0.125 ],
        "temperature": 0.25
      },
      "minecraft:overworld_height": {
        "noise_type": "lowlands"
      },
      "minecraft:surface_parameters": {
        "sea_floor_depth": 7,
        "sea_floor_material": "minecraft:gravel",
        "foundation_material": "minecraft:stone",
        "mid_material": "minecraft:dirt",
        "top_material": "minecraft:grass",
        "sea_material": "minecraft:water"
      },
      "minecraft:surface_material_adjustments": {
        "adjustments": [
          {
            "materials": {
              "top_material": "minecraft:gravel"
            },
            "noise_frequency_scale": 0.0625,
            "noise_range": [ -0.115, 0.212 ]
          }
        ]
      },
      "minecraft:overworld_generation_rules": {
        "generate_for_climates": [
          [ "medium", 3 ],
          [ "warm", 2 ],
          [ "cold", 1 ]
        ]
      },

      "animal": {},
      "monster": {},
      "rare": {},
      "overworld": {},
      "dense_forest": {}
    }
  }
}
